Date,KOSPI200,Forward_Return
2011-04-01,2121.01,-1.25
2011-04-04,2115.87,-0.72
2011-04-05,2130.43,-0.22
2011-04-06,2126.71,0.87
2011-04-07,2122.14,1.87
2011-04-08,2127.97,2.03
2011-04-11,2122.39,2.74
2011-04-12,2089.4,4.35
2011-04-13,2121.92,1.66
2011-04-14,2141.06,-1.46
2011-04-15,2140.5,-0.51
2011-04-18,2137.72,-0.36
2011-04-19,2122.68,1.06
2011-04-20,2169.91,-1.82
2011-04-21,2198.54,-3.11
2011-04-22,2197.82,-1.95
2011-04-25,2216.0,-3.2
2011-04-26,2206.3,-1.59
2011-04-27,2206.7,-2.55
2011-04-28,2208.35,-1.8
2011-04-29,2192.36,-0.82
2011-05-02,2228.96,-3.28
2011-05-03,2200.73,-3.07
2011-05-04,2180.64,-0.38
2011-05-06,2147.45,-1.22
2011-05-09,2139.17,-3.41
2011-05-11,2166.63,-6.84
2011-05-12,2122.65,-8.43
2011-05-13,2120.08,-11.82
2011-05-16,2104.18,-14.39
2011-05-17,2102.41,-14.09
2011-05-18,2135.78,-14.91
2011-05-19,2095.51,-14.42
2011-05-20,2111.5,-10.97
2011-05-23,2055.71,-7.93
2011-05-24,2061.76,-9.76
2011-05-25,2035.87,-14.29
2011-05-26,2091.91,-18.22
2011-05-27,2100.24,-15.41
2011-05-30,2093.79,-16.19
2011-05-31,2142.47,-17.64
2011-06-01,2141.34,-16.92
2011-06-02,2114.2,-13.47
2011-06-03,2113.47,-12.76
2011-06-07,2099.71,-10.46
2011-06-08,2083.35,-9.73
2011-06-09,2071.42,-9.83
2011-06-10,2046.67,-12.74
2011-06-13,2048.74,-13.77
2011-06-14,2076.83,-11.72
2011-06-15,2086.53,-11.5
2011-06-16,2046.63,-11.42
2011-06-17,2031.93,-13.92
2011-06-20,2019.65,-12.16
2011-06-21,2048.17,-10.16
2011-06-22,2063.9,-11.77
2011-06-23,2055.86,-10.6
2011-06-24,2090.81,-11.31
2011-06-27,2070.29,-13.03
2011-06-28,2062.91,-17.72
2011-06-29,2094.42,-21.09
2011-06-30,2100.69,-17.37
2011-07-01,2125.74,-18.94
2011-07-04,2145.3,-17.53
2011-07-05,2161.75,-18.14
2011-07-06,2171.19,-23.24
2011-07-07,2180.59,-21.57
2011-07-08,2180.35,-19.29
2011-07-11,2157.16,-18.11
2011-07-12,2109.73,-14.92
2011-07-13,2129.64,-15.03
2011-07-14,2130.07,-14.41
2011-07-15,2145.2,-14.44
2011-07-18,2130.48,-12.45
2011-07-19,2130.21,-13.68
2011-07-20,2154.95,-13.88
2011-07-21,2145.04,-15.85
2011-07-22,2171.23,-15.33
2011-07-25,2150.48,-11.73
2011-07-26,2168.7,-12.91
2011-07-27,2174.31,-12.88
2011-07-28,2155.85,-10.85
2011-07-29,2133.21,-9.55
2011-08-01,2172.31,-12.12
2011-08-02,2121.27,-9.98
2011-08-03,2066.26,-8.14
2011-08-04,2018.47,-7.36
2011-08-05,1943.75,-0.79
2011-08-08,1869.45,2.66
2011-08-09,1801.35,5.65
2011-08-10,1806.24,5.61
2011-08-11,1817.44,-0.23
2011-08-12,1793.31,3.91
2011-08-16,1879.87,1.22
2011-08-17,1892.67,-0.35
2011-08-18,1860.58,-0.24
2011-08-19,1744.88,7.55
2011-08-22,1710.7,7.51
2011-08-23,1776.68,2.44
2011-08-24,1754.78,4.07
2011-08-25,1764.58,1.05
2011-08-26,1778.95,0.91
2011-08-29,1829.5,-2.9
2011-08-30,1843.82,-1.55
2011-08-31,1880.11,-1.25
2011-09-01,1880.7,-1.76
2011-09-02,1867.75,2.59
2011-09-05,1785.83,7.29
2011-09-06,1766.71,8.84
2011-09-07,1833.46,3.78
2011-09-08,1846.64,3.94
2011-09-09,1812.93,5.49
2011-09-14,1749.16,7.18
2011-09-15,1774.08,7.08
2011-09-16,1840.1,1.3
2011-09-19,1820.94,2.02
2011-09-20,1837.97,-1.03
2011-09-21,1854.28,-0.77
2011-09-22,1800.55,-1.31
2011-09-23,1697.44,5.63
2011-09-26,1652.71,11.84
2011-09-27,1735.71,6.44
2011-09-28,1723.09,8.36
2011-09-29,1769.29,4.94
2011-09-30,1769.65,4.09
2011-10-05,1666.52,9.52
2011-10-06,1710.32,6.75
2011-10-07,1759.77,3.78
2011-10-10,1766.44,6.17
2011-10-11,1795.02,3.97
2011-10-12,1809.5,3.0
2011-10-13,1823.1,1.1
2011-10-14,1835.4,-0.49
2011-10-17,1865.18,-0.64
2011-10-18,1838.9,0.36
2011-10-19,1855.92,0.47
2011-10-20,1805.09,3.91
2011-10-21,1838.38,1.14
2011-10-24,1898.32,-0.29
2011-10-25,1888.65,0.2
2011-10-26,1894.31,1.09
2011-10-27,1922.04,1.45
2011-10-28,1929.48,1.18
2011-10-31,1909.03,2.52
2011-11-01,1909.63,2.89
2011-11-02,1898.01,2.24
2011-11-03,1869.96,4.59
2011-11-04,1928.41,1.6
2011-11-07,1919.1,3.4
2011-11-08,1903.14,3.64
2011-11-09,1907.53,3.44
2011-11-10,1813.25,9.28
2011-11-11,1863.45,7.53
2011-11-14,1902.81,5.88
2011-11-15,1886.12,5.7
2011-11-16,1856.07,8.06
2011-11-17,1876.67,6.71
2011-11-18,1839.17,10.12
2011-11-21,1820.03,9.75
2011-11-22,1826.28,10.8
2011-11-23,1783.1,13.56
2011-11-24,1795.06,12.77
2011-11-25,1776.4,14.2
2011-11-28,1815.28,10.61
2011-11-29,1856.52,8.8
2011-11-30,1847.51,7.78
2011-12-01,1916.18,4.57
2011-12-02,1916.04,5.96
2011-12-05,1922.9,5.81
2011-12-06,1902.82,5.95
2011-12-07,1919.42,4.22
2011-12-08,1912.39,3.65
2011-12-09,1874.75,6.72
2011-12-12,1899.76,6.24
2011-12-13,1864.06,7.43
2011-12-14,1857.75,9.0
2011-12-15,1819.11,12.42
2011-12-16,1839.96,11.08
2011-12-19,1776.93,14.49
2011-12-20,1793.06,14.16
2011-12-21,1848.41,10.48
2011-12-22,1847.49,9.73
2011-12-23,1867.22,8.51
2011-12-26,1856.7,9.16
2011-12-27,1842.02,9.62
2011-12-28,1825.12,11.76
2011-12-29,1825.74,11.28
2012-01-02,1826.37,10.3
2012-01-03,1875.41,7.39
2012-01-04,1866.22,8.74
2012-01-05,1863.74,9.96
2012-01-06,1843.14,9.52
2012-01-09,1826.49,11.07
2012-01-10,1853.22,9.49
2012-01-11,1845.55,8.21
2012-01-12,1864.57,6.96
2012-01-13,1875.68,5.92
2012-01-16,1859.27,8.05
2012-01-17,1892.74,5.28
2012-01-18,1892.39,4.91
2012-01-19,1914.97,4.68
2012-01-20,1949.89,2.56
2012-01-25,1952.23,1.15
2012-01-26,1957.18,0.79
2012-01-27,1964.83,-0.07
2012-01-30,1940.55,1.1
2012-01-31,1955.79,0.42
2012-02-01,1959.24,0.82
2012-02-02,1984.3,-0.12
2012-02-03,1972.34,1.36
2012-02-06,1973.13,1.11
2012-02-07,1981.59,0.38
2012-02-08,2003.73,-2.36
2012-02-09,2014.62,-2.36
2012-02-10,1993.71,-2.18
2012-02-13,2005.74,-3.03
2012-02-14,2002.64,-4.27
2012-02-15,2025.32,-5.51
2012-02-16,1997.45,-4.93
2012-02-17,2023.47,-9.04
2012-02-20,2024.9,-8.87
2012-02-21,2024.24,-11.94
2012-02-22,2028.65,-11.31
2012-02-23,2007.8,-8.92
2012-02-24,2019.89,-10.46
2012-02-27,1991.16,-8.87
2012-02-28,2003.69,-8.96
2012-02-29,2030.25,-8.88
2012-03-02,2034.63,-9.33
2012-03-05,2016.06,-8.56
2012-03-06,2000.36,-8.29
2012-03-07,1982.15,-10.04
2012-03-08,2000.76,-9.94
2012-03-09,2018.3,-8.44
2012-03-12,2002.5,-8.33
2012-03-13,2025.04,-7.8
2012-03-14,2045.08,-9.31
2012-03-15,2043.76,-9.02
2012-03-16,2034.44,-8.01
2012-03-19,2047.0,-9.23
2012-03-20,2042.15,-7.37
2012-03-21,2027.23,-6.68
2012-03-22,2026.12,-6.02
2012-03-23,2026.83,-6.79
2012-03-26,2019.19,-8.51
2012-03-27,2039.76,-10.51
2012-03-28,2031.74,-10.53
2012-03-29,2014.41,-9.77
2012-03-30,2014.04,-9.68
2012-04-02,2029.29,-8.64
2012-04-03,2049.28,-9.64
2012-04-04,2018.61,-7.47
2012-04-05,2028.77,-7.61
2012-04-06,2029.03,-7.57
2012-04-09,1997.08,-6.95
2012-04-10,1994.41,-7.94
2012-04-12,1986.63,-7.91
2012-04-13,2008.91,-9.09
2012-04-16,1992.63,-10.4
2012-04-17,1985.3,-8.68
2012-04-18,2004.53,-9.32
2012-04-19,1999.86,-8.9
2012-04-20,1974.65,-9.1
2012-04-23,1972.63,-7.59
2012-04-24,1963.42,-7.16
2012-04-25,1961.98,-8.79
2012-04-26,1964.04,-8.66
2012-04-27,1975.35,-10.43
2012-04-30,1981.99,-10.07
2012-05-02,1999.07,-8.5
2012-05-03,1995.11,-7.58
2012-05-04,1989.15,-5.39
2012-05-07,1956.44,-3.91
2012-05-08,1967.01,-4.96
2012-05-09,1950.29,-5.21
2012-05-10,1944.93,-3.04
2012-05-11,1917.13,-1.58
2012-05-14,1913.73,-0.55
2012-05-15,1898.96,2.19
2012-05-16,1840.53,5.75
2012-05-17,1845.24,4.73
2012-05-18,1782.46,9.79
2012-05-21,1799.13,8.83
2012-05-22,1828.69,6.44
2012-05-23,1808.62,7.61
2012-05-24,1814.47,7.1
2012-05-25,1824.17,6.09
2012-05-29,1849.91,5.01
2012-05-30,1844.86,4.06
2012-05-31,1843.47,4.04
2012-06-01,1834.51,4.46
2012-06-04,1783.13,8.15
2012-06-05,1801.85,5.8
2012-06-07,1847.95,3.09
2012-06-08,1835.64,4.2
2012-06-11,1867.04,2.15
2012-06-12,1854.74,1.04
2012-06-13,1859.32,1.18
2012-06-14,1871.48,3.1
2012-06-15,1858.16,3.58
2012-06-18,1891.71,1.5
2012-06-19,1891.77,3.08
2012-06-20,1904.12,2.45
2012-06-21,1889.15,6.27
2012-06-22,1847.39,8.39
2012-06-25,1825.38,9.84
2012-06-26,1817.81,10.46
2012-06-27,1817.65,9.5
2012-06-28,1819.18,10.07
2012-06-29,1854.01,8.06
2012-07-02,1851.65,7.55
2012-07-03,1867.82,6.03
2012-07-04,1874.45,6.1
2012-07-05,1875.49,6.44
2012-07-06,1858.2,7.42
2012-07-09,1836.13,8.53
2012-07-10,1829.45,9.06
2012-07-11,1826.39,8.51
2012-07-12,1785.39,10.85
2012-07-13,1812.89,7.46
2012-07-16,1817.79,6.34
2012-07-17,1821.96,6.11
2012-07-18,1794.91,7.28
2012-07-19,1822.96,6.5
2012-07-20,1822.93,7.25
2012-07-23,1789.44,9.48
2012-07-24,1793.93,8.36
2012-07-25,1769.31,9.74
2012-07-26,1782.47,8.1
2012-07-27,1829.16,4.64
2012-07-30,1843.79,4.38
2012-07-31,1881.99,0.5
2012-08-01,1879.93,0.62
2012-08-02,1869.4,1.61
2012-08-03,1848.68,3.43
2012-08-06,1885.88,0.67
2012-08-07,1886.8,1.69
2012-08-08,1903.23,0.26
2012-08-09,1940.59,-0.64
2012-08-10,1946.4,-0.45
2012-08-13,1932.44,-0.93
2012-08-14,1956.96,-2.69
2012-08-16,1957.91,-2.91
2012-08-17,1946.54,-2.92
2012-08-20,1946.31,-2.69
2012-08-21,1943.22,-3.73
2012-08-22,1935.19,-3.84
2012-08-23,1942.54,-3.32
2012-08-24,1919.81,-1.54
2012-08-27,1917.87,-1.76
2012-08-28,1916.33,-0.88
2012-08-29,1928.54,-0.89
2012-08-30,1906.38,0.11
2012-08-31,1905.12,1.05
2012-09-03,1912.71,0.0
2012-09-04,1907.13,1.45
2012-09-05,1874.03,3.14
2012-09-06,1881.24,3.12
2012-09-07,1929.58,0.29
2012-09-10,1924.7,1.16
2012-09-11,1920.0,1.54
2012-09-12,1950.03,0.38
2012-09-13,1950.69,0.35
2012-09-14,2007.58,-2.14
2012-09-17,2002.35,-1.34
2012-09-18,2004.96,-0.11
2012-09-19,2007.88,-0.64
2012-09-20,1990.33,-0.36
2012-09-21,2002.37,-0.46
2012-09-24,2003.44,-0.2
2012-09-25,1991.41,-0.55
2012-09-26,1980.44,0.07
2012-09-27,1988.7,-0.32
2012-09-28,1996.21,-0.44
2012-10-02,1996.03,0.05
2012-10-04,1992.68,1.93
2012-10-05,1995.17,1.21
2012-10-08,1981.89,1.52
2012-10-09,1979.04,1.63
2012-10-10,1948.22,2.55
2012-10-11,1933.09,3.04
2012-10-12,1933.26,3.8
2012-10-15,1925.59,3.69
2012-10-16,1941.54,3.37
2012-10-17,1955.15,1.46
2012-10-18,1959.12,0.94
2012-10-19,1943.84,1.57
2012-10-22,1941.59,2.38
2012-10-23,1926.81,3.12
2012-10-24,1913.96,4.31
2012-10-25,1924.5,2.91
2012-10-26,1891.43,3.86
2012-10-29,1891.52,2.92
2012-10-30,1899.58,2.11
2012-10-31,1912.06,2.3
2012-11-01,1898.44,3.48
2012-11-02,1918.72,2.25
2012-11-05,1908.22,2.6
2012-11-06,1928.17,1.3
2012-11-07,1937.55,0.03
2012-11-08,1914.41,1.14
2012-11-09,1904.41,1.44
2012-11-12,1900.87,2.63
2012-11-13,1889.7,2.97
2012-11-14,1894.04,4.33
2012-11-15,1870.72,5.82
2012-11-16,1860.83,6.47
2012-11-19,1878.1,5.53
2012-11-20,1890.18,5.06
2012-11-21,1884.04,7.46
2012-11-22,1899.5,6.09
2012-11-23,1911.33,5.63
2012-11-26,1908.51,5.29
2012-11-27,1925.2,3.89
2012-11-28,1912.78,4.77
2012-11-29,1934.85,4.74
2012-11-30,1932.9,4.15
2012-12-03,1940.02,3.95
2012-12-04,1935.18,4.42
2012-12-05,1947.04,2.95
2012-12-06,1949.62,2.89
2012-12-07,1957.45,2.34
2012-12-10,1957.42,1.84
2012-12-11,1964.62,1.79
2012-12-12,1975.44,1.35
2012-12-13,2002.77,-0.81
2012-12-14,1995.04,-1.35
2012-12-17,1983.07,-0.23
2012-12-18,1993.09,-1.69
2012-12-20,1999.5,-2.43
2012-12-21,1980.42,-1.6
2012-12-24,1981.82,-0.21
2012-12-26,1982.25,0.07
2012-12-27,1987.35,0.31
2012-12-28,1997.05,-0.18
2013-01-02,2031.1,-1.29
2013-01-03,2019.41,-1.16
2013-01-04,2011.94,-1.28
2013-01-07,2011.25,-1.39
2013-01-08,1997.94,-1.93
2013-01-09,1991.81,-3.24
2013-01-10,2006.8,-4.39
2013-01-11,1996.67,-3.8
2013-01-14,2007.04,-3.56
2013-01-15,1983.74,-1.71
2013-01-16,1977.45,-2.69
2013-01-17,1974.27,-2.73
2013-01-18,1987.85,-3.3
2013-01-21,1986.86,-3.17
2013-01-22,1996.52,-4.83
2013-01-23,1980.41,-3.72
2013-01-24,1964.48,-1.94
2013-01-25,1946.69,-1.44
2013-01-28,1939.71,-0.23
2013-01-29,1955.96,-0.22
2013-01-30,1964.43,-1.01
2013-01-31,1961.94,-1.08
2013-02-01,1957.79,0.31
2013-02-04,1953.21,0.2
2013-02-05,1938.18,1.42
2013-02-06,1936.19,1.31
2013-02-07,1931.77,1.17
2013-02-08,1950.9,0.28
2013-02-12,1945.79,1.73
2013-02-13,1976.07,-1.58
2013-02-14,1979.61,-1.56
2013-02-15,1981.18,-0.62
2013-02-18,1981.91,-0.54
2013-02-19,1985.83,0.05
2013-02-20,2024.64,-2.08
2013-02-21,2015.22,-1.69
2013-02-22,2018.89,-1.24
2013-02-25,2009.52,-2.01
2013-02-26,2000.01,-1.33
2013-02-27,2004.04,-1.2
2013-02-28,2026.49,-1.99
2013-03-04,2013.15,-0.59
2013-03-05,2016.61,-0.82
2013-03-06,2020.74,-0.97
2013-03-07,2004.4,-0.74
2013-03-08,2006.01,-0.82
2013-03-11,2003.35,-2.2
2013-03-12,1993.34,-3.49
2013-03-13,1999.73,-3.35
2013-03-14,2002.13,-4.07
2013-03-15,1986.5,-3.86
2013-03-18,1968.18,-4.34
2013-03-19,1978.56,-4.51
2013-03-20,1959.41,-3.89
2013-03-21,1950.82,-2.57
2013-03-22,1948.71,-3.1
2013-03-25,1977.67,-6.43
2013-03-26,1983.7,-8.11
2013-03-27,1993.44,-9.75
2013-03-28,1993.52,-10.68
2013-03-29,2004.89,-11.04
2013-04-01,1995.99,-8.08
2013-04-02,1986.15,-6.18
2013-04-03,1983.22,-6.43
2013-04-04,1959.45,-5.33
2013-04-05,1927.23,-5.32
2013-04-08,1918.69,-4.15
2013-04-09,1920.74,-4.55
2013-04-10,1935.58,-6.13
2013-04-11,1949.8,-6.13
2013-04-12,1924.23,-5.2
2013-04-15,1920.45,-2.23
2013-04-16,1922.21,-2.72
2013-04-17,1923.84,-2.53
2013-04-18,1900.06,-1.77
2013-04-19,1906.75,-1.01
2013-04-22,1926.31,-2.64
2013-04-23,1918.63,-2.46
2013-04-24,1935.31,-2.84
2013-04-25,1951.6,-2.43
2013-04-26,1944.56,-1.67
2013-04-29,1940.7,-1.6
2013-04-30,1963.95,-2.71
2013-05-02,1957.21,-2.93
2013-05-03,1965.71,-2.48
2013-05-06,1961.48,-2.42
2013-05-07,1954.35,-1.72
2013-05-08,1956.45,-1.69
2013-05-09,1979.45,-3.19
2013-05-10,1944.75,-1.96
2013-05-13,1948.7,-3.61
2013-05-14,1968.83,-4.31
2013-05-15,1971.26,-4.59
2013-05-16,1986.81,-5.13
2013-05-20,1982.43,-3.5
2013-05-21,1981.09,-2.89
2013-05-22,1993.83,-3.7
2013-05-23,1969.19,-2.62
2013-05-24,1973.45,-4.34
2013-05-27,1979.97,-5.68
2013-05-28,1986.22,-6.9
2013-05-29,2001.2,-6.55
2013-05-30,2000.1,-5.61
2013-05-31,2001.05,-5.76
2013-06-03,1989.57,-5.28
2013-06-04,1989.51,-4.12
2013-06-05,1959.19,-1.68
2013-06-07,1923.85,0.05
2013-06-10,1932.7,0.05
2013-06-11,1920.68,0.64
2013-06-12,1909.91,2.19
2013-06-13,1882.73,3.86
2013-06-14,1889.24,4.52
2013-06-17,1883.1,5.89
2013-06-18,1900.62,5.43
2013-06-19,1888.31,6.13
2013-06-20,1850.49,7.77
2013-06-21,1822.83,10.45
2013-06-24,1799.01,11.48
2013-06-25,1780.63,12.85
2013-06-26,1783.45,12.54
2013-06-27,1834.7,8.9
2013-06-28,1863.32,7.73
2013-07-01,1855.73,8.41
2013-07-02,1855.02,7.65
2013-07-03,1824.66,9.55
2013-07-04,1839.14,8.72
2013-07-05,1833.31,8.93
2013-07-08,1816.85,9.77
2013-07-09,1830.35,9.42
2013-07-10,1824.16,9.72
2013-07-11,1877.6,7.85
2013-07-12,1869.98,8.04
2013-07-15,1875.16,8.84
2013-07-16,1866.36,9.01
2013-07-17,1887.49,8.11
2013-07-18,1875.48,9.43
2013-07-19,1871.41,9.7
2013-07-22,1880.35,9.35
2013-07-23,1904.15,6.91
2013-07-24,1912.08,7.04
2013-07-25,1909.61,6.53
2013-07-26,1910.81,7.19
2013-07-29,1899.89,7.99
2013-07-30,1917.05,7.43
2013-07-31,1914.03,6.06
2013-08-01,1920.74,6.18
2013-08-02,1923.38,5.29
2013-08-05,1916.22,5.1
2013-08-06,1906.62,5.61
2013-08-07,1878.33,6.69
2013-08-08,1883.97,5.36
2013-08-09,1880.71,5.14
2013-08-12,1884.83,5.87
2013-08-13,1913.03,2.64
2013-08-14,1923.91,2.27
2013-08-16,1920.11,4.45
2013-08-19,1917.64,4.86
2013-08-20,1887.85,7.62
2013-08-21,1867.46,8.02
2013-08-22,1849.12,7.82
2013-08-23,1870.16,7.28
2013-08-26,1887.86,6.79
2013-08-27,1885.84,7.25
2013-08-28,1884.52,7.66
2013-08-29,1907.54,7.25
2013-08-30,1926.36,6.15
2013-09-02,1924.81,5.51
2013-09-03,1933.74,3.91
2013-09-04,1933.03,2.78
2013-09-05,1951.65,1.7
2013-09-06,1955.31,1.28
2013-09-09,1974.67,1.3
2013-09-10,1994.06,-0.03
2013-09-11,2003.85,-1.29
2013-09-12,2004.06,-1.8
2013-09-13,1994.32,-1.57
2013-09-16,2013.37,-2.59
2013-09-17,2005.58,-1.99
2013-09-23,2009.41,-1.73
2013-09-24,2007.1,-1.57
2013-09-25,1998.06,-0.74
2013-09-26,2007.32,-0.52
2013-09-27,2011.8,-0.51
2013-09-30,1996.96,0.12
2013-10-01,1998.87,0.17
2013-10-02,1999.47,0.59
2013-10-04,1996.98,-1.49
2013-10-07,1994.42,-2.42
2013-10-08,2002.76,-2.47
2013-10-10,2001.4,-2.1
2013-10-11,2024.9,-3.26
2013-10-14,2020.27,-3.67
2013-10-15,2040.96,-5.02
2013-10-16,2034.61,-4.21
2013-10-17,2040.61,-4.63
2013-10-18,2052.4,-4.83
2013-10-21,2053.01,-4.66
2013-10-22,2056.12,-5.43
2013-10-23,2035.75,-4.03
2013-10-24,2046.69,-4.05
2013-10-25,2034.39,-3.14
2013-10-28,2048.14,-4.91
2013-10-29,2051.76,-5.42
2013-10-30,2059.58,-7.25
2013-10-31,2030.09,-5.57
2013-11-01,2039.42,-4.82
2013-11-04,2025.17,-5.2
2013-11-05,2013.93,-6.31
2013-11-06,2013.67,-6.08
2013-11-07,2004.04,-4.8
2013-11-08,1984.87,-3.14
2013-11-11,1977.3,-2.73
2013-11-12,1995.48,-3.18
2013-11-13,1963.56,-1.41
2013-11-14,1967.56,-2.06
2013-11-15,2005.64,-3.26
2013-11-18,2010.81,-3.21
2013-11-19,2031.64,-4.17
2013-11-20,2017.24,-3.68
2013-11-21,1993.78,-3.17
2013-11-22,2006.23,-2.41
2013-11-25,2015.98,-3.32
2013-11-26,2022.64,-2.86
2013-11-27,2028.81,-2.86
2013-11-28,2045.77,-3.29
2013-11-29,2044.87,-3.17
2013-12-02,2030.78,-3.25
2013-12-03,2009.36,-2.75
2013-12-04,1986.8,-0.78
2013-12-05,1984.77,-0.46
2013-12-06,1980.41,-0.29
2013-12-09,2000.38,-2.3
2013-12-10,1993.45,-1.48
2013-12-11,1977.97,-2.3
2013-12-12,1967.93,-1.7
2013-12-13,1962.91,-2.19
2013-12-16,1961.15,-1.71
2013-12-17,1965.74,-1.3
2013-12-18,1974.63,-1.87
2013-12-19,1975.65,-2.84
2013-12-20,1983.35,-2.44
2013-12-23,1996.89,-2.57
2013-12-24,2001.59,-3.01
2013-12-26,1999.3,-1.75
2013-12-27,2002.28,-1.21
2013-12-30,2011.34,-1.51
2014-01-02,1967.19,0.94
2014-01-03,1946.14,2.36
2014-01-06,1953.28,2.25
2014-01-07,1959.44,1.75
2014-01-08,1958.96,1.49
2014-01-09,1946.11,2.24
2014-01-10,1938.54,2.81
2014-01-13,1948.92,2.57
2014-01-14,1946.07,3.21
2014-01-15,1953.28,2.26
2014-01-16,1957.32,2.03
2014-01-17,1944.48,2.46
2014-01-20,1953.78,1.97
2014-01-21,1963.89,1.43
2014-01-22,1970.42,1.72
2014-01-23,1947.59,2.65
2014-01-24,1940.56,3.28
2014-01-27,1910.34,4.71
2014-01-28,1916.93,4.25
2014-01-29,1941.15,1.57
2014-02-03,1919.96,2.57
2014-02-04,1886.85,4.13
2014-02-05,1891.32,3.73
2014-02-06,1907.89,2.7
2014-02-07,1922.5,0.9
2014-02-10,1923.3,1.42
2014-02-11,1932.06,1.27
2014-02-12,1935.84,1.5
2014-02-13,1926.96,2.9
2014-02-14,1940.28,3.64
2014-02-17,1946.36,3.28
2014-02-18,1946.91,3.42
2014-02-19,1942.93,3.72
2014-02-20,1930.57,4.18
2014-02-21,1957.83,2.58
2014-02-24,1949.05,3.41
2014-02-25,1964.86,2.66
2014-02-26,1970.77,2.01
2014-02-27,1978.43,0.97
2014-02-28,1979.99,1.87
2014-03-03,1964.69,2.42
2014-03-04,1954.11,2.09
2014-03-05,1971.24,1.56
2014-03-06,1975.62,1.67
2014-03-07,1974.68,1.05
2014-03-10,1954.42,1.82
2014-03-11,1963.87,2.44
2014-03-12,1932.54,4.25
2014-03-13,1934.38,3.99
2014-03-14,1919.9,3.7
2014-03-17,1927.53,3.43
2014-03-18,1940.21,3.16
2014-03-19,1937.68,2.67
2014-03-20,1919.52,3.78
2014-03-21,1934.94,1.71
2014-03-24,1945.55,1.51
2014-03-25,1941.25,2.74
2014-03-26,1964.31,0.89
2014-03-27,1977.97,0.86
2014-03-28,1981.0,0.38
2014-03-31,1985.61,0.84
2014-04-01,1991.98,0.35
2014-04-02,1997.25,0.9
2014-04-03,1993.7,0.87
2014-04-04,1988.09,1.08
2014-04-07,1989.7,0.77
2014-04-08,1993.03,0.68
2014-04-09,1998.95,0.08
2014-04-10,2008.61,-0.29
2014-04-11,1997.44,-0.44
2014-04-14,1997.02,-0.16
2014-04-15,1992.27,1.03
2014-04-16,1992.21,1.07
2014-04-17,1992.05,1.45
2014-04-18,2004.28,0.76
2014-04-21,1999.22,0.96
2014-04-22,2004.22,1.23
2014-04-23,2000.37,1.4
2014-04-24,1998.34,1.42
2014-04-25,1971.66,3.15
2014-04-28,1969.26,4.04
2014-04-29,1964.77,4.95
2014-04-30,1961.79,6.16
2014-05-02,1959.44,5.95
2014-05-07,1939.88,6.87
2014-05-08,1950.6,6.66
2014-05-09,1956.55,5.61
2014-05-12,1964.94,4.87
2014-05-13,1982.93,3.61
2014-05-14,2010.83,1.01
2014-05-15,2010.2,1.45
2014-05-16,2013.44,1.39
2014-05-19,2015.14,2.34
2014-05-20,2011.26,2.58
2014-05-21,2008.33,2.23
2014-05-22,2015.59,2.76
2014-05-23,2017.17,2.76
2014-05-26,2010.35,1.68
2014-05-27,1997.63,2.96
2014-05-28,2017.06,2.17
2014-05-29,2012.26,2.77
2014-05-30,1994.96,4.01
2014-06-02,2002.0,3.68
2014-06-03,2008.56,2.99
2014-06-05,1995.48,3.63
2014-06-09,1990.04,3.09
2014-06-10,2011.8,1.96
2014-06-11,2014.67,2.06
2014-06-12,2011.65,1.88
2014-06-13,1990.85,2.18
2014-06-16,1993.59,2.42
2014-06-17,2001.55,1.71
2014-06-18,1989.49,2.69
2014-06-19,1992.03,3.54
2014-06-20,1968.07,4.05
2014-06-23,1974.92,4.0
2014-06-24,1994.35,2.25
2014-06-25,1981.77,2.38
2014-06-26,1995.05,2.03
2014-06-27,1988.51,2.29
2014-06-30,2002.21,1.47
2014-07-01,1999.0,1.38
2014-07-02,2015.28,0.24
2014-07-03,2010.97,-0.97
2014-07-04,2009.66,-1.67
2014-07-07,2005.12,-1.83
2014-07-08,2006.66,-1.68
2014-07-09,2000.5,-1.76
2014-07-10,2002.84,-3.09
2014-07-11,1988.74,-3.09
2014-07-14,1993.88,-3.24
2014-07-15,2012.72,-4.31
2014-07-16,2013.48,-4.7
2014-07-17,2020.9,-5.95
2014-07-18,2019.42,-4.43
2014-07-21,2018.5,-5.11
2014-07-22,2028.93,-4.53
2014-07-23,2028.32,-4.77
2014-07-24,2026.62,-4.98
2014-07-25,2033.85,-5.01
2014-07-28,2048.81,-6.01
2014-07-29,2061.97,-4.89
2014-07-30,2082.61,-5.94
2014-07-31,2076.12,-5.38
2014-08-01,2073.1,-5.79
2014-08-04,2080.42,-6.98
2014-08-05,2066.26,-6.53
2014-08-06,2060.73,-6.03
2014-08-07,2054.51,-5.58
2014-08-08,2031.1,-3.59
2014-08-11,2039.37,-3.74
2014-08-12,2041.47,-3.63
2014-08-13,2062.36,-4.94
2014-08-14,2063.22,-5.72
2014-08-18,2053.13,-5.33
2014-08-19,2071.14,-5.03
2014-08-20,2072.78,-5.11
2014-08-21,2044.21,-4.22
2014-08-22,2056.7,-4.47
2014-08-25,2060.89,-4.0
2014-08-26,2068.05,-4.25
2014-08-27,2074.93,-4.53
2014-08-28,2075.76,-4.51
2014-08-29,2068.54,-4.24
2014-09-01,2067.86,-4.96
2014-09-02,2051.58,-4.18
2014-09-03,2051.2,-3.96
2014-09-04,2056.26,-3.39
2014-09-05,2049.41,-3.06
2014-09-11,2034.16,-2.71
2014-09-12,2041.86,-3.47
2014-09-15,2035.82,-4.43
2014-09-16,2042.92,-6.18
2014-09-17,2062.61,-6.83
2014-09-18,2047.74,-6.22
2014-09-19,2053.82,-7.29
2014-09-22,2039.27,-6.82
2014-09-23,2028.91,-6.48
2014-09-24,2035.64,-5.19
2014-09-25,2034.11,-4.47
2014-09-26,2031.64,-4.56
2014-09-29,2026.6,-3.95
2014-09-30,2020.09,-3.56
2014-10-01,1991.54,-3.2
2014-10-02,1976.16,-3.07
2014-10-06,1968.39,-2.13
2014-10-07,1972.91,-2.9
2014-10-08,1965.25,-4.21
2014-10-10,1940.92,-2.94
2014-10-13,1927.21,-1.17
2014-10-14,1929.25,-0.24
2014-10-15,1925.91,-0.26
2014-10-16,1918.83,-0.09
2014-10-17,1900.66,0.68
2014-10-20,1930.06,-0.82
2014-10-21,1915.28,-1.42
2014-10-22,1936.97,-1.77
2014-10-23,1931.65,-0.69
2014-10-24,1925.69,-0.23
2014-10-27,1931.97,-0.58
2014-10-28,1925.68,0.54
2014-10-29,1961.17,-1.3
2014-10-30,1958.93,-0.33
2014-10-31,1964.43,-0.15
2014-11-03,1952.97,-0.1
2014-11-04,1935.19,0.73
2014-11-05,1931.43,1.1
2014-11-06,1936.48,0.8
2014-11-07,1939.87,1.18
2014-11-10,1958.23,-0.28
2014-11-11,1963.0,-0.38
2014-11-12,1967.27,-1.03
2014-11-13,1960.51,-1.26
2014-11-14,1945.14,0.03
2014-11-17,1943.63,-0.1
2014-11-18,1967.01,-0.48
2014-11-19,1966.87,-0.44
2014-11-20,1958.04,0.17
2014-11-21,1964.84,0.18
2014-11-24,1978.54,-0.12
2014-11-25,1980.21,0.52
2014-11-26,1980.84,0.62
2014-11-27,1982.09,0.19
2014-11-28,1980.78,0.81
2014-12-01,1965.22,1.84
2014-12-02,1965.83,1.65
2014-12-03,1969.91,1.45
2014-12-04,1986.61,1.33
2014-12-05,1986.62,0.31
2014-12-08,1978.95,0.29
2014-12-09,1970.95,0.5
2014-12-10,1945.56,1.29
2014-12-11,1916.59,3.61
2014-12-12,1921.71,3.41
2014-12-15,1920.36,5.7
2014-12-16,1904.13,6.53
2014-12-17,1900.16,7.25
2014-12-18,1897.5,7.36
2014-12-19,1929.98,5.52
2014-12-22,1943.12,5.06
2014-12-23,1939.02,5.35
2014-12-24,1946.61,3.9
2014-12-26,1948.16,3.68
2014-12-29,1927.86,5.3
2014-12-30,1915.59,6.55
2015-01-02,1926.44,5.3
2015-01-05,1915.75,5.92
2015-01-06,1882.45,8.66
2015-01-07,1883.83,8.63
2015-01-08,1904.65,7.48
2015-01-09,1924.7,6.99
2015-01-12,1920.95,7.18
2015-01-13,1917.14,8.9
2015-01-14,1913.66,9.68
2015-01-15,1914.14,10.32
2015-01-16,1888.13,12.28
2015-01-19,1902.62,12.47
2015-01-20,1918.31,11.74
2015-01-21,1921.23,11.74
2015-01-22,1920.82,11.66
2015-01-23,1936.09,10.73
2015-01-26,1935.68,12.28
2015-01-27,1952.4,10.62
2015-01-28,1961.58,9.99
2015-01-29,1951.02,10.08
2015-01-30,1949.26,9.92
2015-02-02,1952.68,8.94
2015-02-03,1951.96,9.24
2015-02-04,1962.79,7.22
2015-02-05,1952.84,7.07
2015-02-06,1955.52,6.65
2015-02-09,1947.0,7.72
2015-02-10,1935.86,8.31
2015-02-11,1945.7,8.66
2015-02-12,1941.63,9.2
2015-02-13,1957.5,7.61
2015-02-16,1958.23,7.94
2015-02-17,1961.45,8.13
2015-02-23,1968.39,8.69
2015-02-24,1976.12,7.42
2015-02-25,1990.47,7.82
2015-02-26,1993.08,7.55
2015-02-27,1985.8,6.13
2015-03-02,1996.81,5.71
2015-03-03,2001.38,5.67
2015-03-04,1998.29,5.21
2015-03-05,1998.38,4.02
2015-03-06,2012.94,2.49
2015-03-09,1992.82,4.02
2015-03-10,1984.77,4.2
2015-03-11,1980.83,4.26
2015-03-12,1970.59,4.74
2015-03-13,1985.79,3.3
2015-03-16,1987.33,3.49
2015-03-17,2029.91,1.1
2015-03-18,2028.45,0.68
2015-03-19,2037.89,-0.45
2015-03-20,2037.24,-0.12
2015-03-23,2036.59,0.26
2015-03-24,2041.37,0.27
2015-03-25,2042.81,0.6
2015-03-26,2022.56,2.9
2015-03-27,2019.8,3.25
2015-03-30,2030.04,2.71
2015-03-31,2041.03,2.41
2015-04-01,2028.45,1.58
2015-04-02,2029.07,2.22
2015-04-03,2045.42,2.57
2015-04-06,2046.43,2.98
2015-04-07,2047.03,2.8
2015-04-08,2059.26,-0.26
2015-04-09,2058.87,-0.9
2015-04-10,2087.76,-3.43
2015-04-13,2098.92,-3.39
2015-04-14,2111.72,-3.81
2015-04-15,2119.96,-2.76
2015-04-16,2139.9,-3.77
2015-04-17,2143.5,-3.29
2015-04-20,2146.71,-2.74
2015-04-21,2144.79,-3.17
2015-04-22,2143.89,-3.29
2015-04-23,2173.41,-4.13
2015-04-24,2159.8,-4.4
2015-04-27,2157.54,-4.29
2015-04-28,2147.67,-4.74
2015-04-29,2142.63,-4.85
2015-04-30,2127.17,-4.14
2015-05-04,2132.23,-4.44
2015-05-06,2104.58,-4.06
2015-05-07,2091.0,-2.91
2015-05-08,2085.52,-3.69
2015-05-11,2097.38,-3.31
2015-05-12,2096.77,-3.2
2015-05-13,2114.16,-4.77
2015-05-14,2120.33,-5.19
2015-05-15,2106.5,-4.91
2015-05-18,2113.72,-6.01
2015-05-19,2120.85,-6.85
2015-05-20,2139.54,-7.3
2015-05-21,2122.81,-7.27
2015-05-22,2146.1,-8.85
2015-05-26,2143.5,-9.52
2015-05-27,2107.5,-9.16
2015-05-28,2110.89,-11.12
2015-05-29,2114.8,-13.48
2015-06-01,2102.37,-12.16
2015-06-02,2078.64,-8.88
2015-06-03,2063.16,-7.52
2015-06-04,2072.86,-6.52
2015-06-05,2068.1,-6.12
2015-06-08,2065.19,-7.31
2015-06-09,2064.03,-7.21
2015-06-10,2051.32,-6.62
2015-06-11,2056.61,-8.29
2015-06-12,2052.17,-8.23
2015-06-15,2042.32,-8.01
2015-06-16,2028.72,-4.66
2015-06-17,2034.86,-3.58
2015-06-18,2041.88,-4.92
2015-06-19,2046.96,-5.64
2015-06-22,2055.16,-5.72
2015-06-23,2081.2,-5.08
2015-06-24,2085.53,-5.23
2015-06-25,2085.06,-4.27
2015-06-26,2090.26,-6.01
2015-06-29,2060.49,-3.81
2015-06-30,2074.2,-6.25
2015-07-01,2097.89,-7.19
2015-07-02,2107.33,-7.81
2015-07-03,2104.41,-6.73
2015-07-06,2053.93,-3.63
2015-07-07,2040.29,-3.46
2015-07-08,2016.21,-1.88
2015-07-09,2027.81,-1.83
2015-07-10,2031.17,-1.25
2015-07-13,2061.52,-2.04
2015-07-14,2059.23,-1.83
2015-07-15,2072.91,-2.6
2015-07-16,2087.89,-3.75
2015-07-17,2076.79,-2.1
2015-07-20,2073.31,-2.08
2015-07-21,2083.62,-2.56
2015-07-22,2064.73,-1.23
2015-07-23,2065.07,-1.07
2015-07-24,2045.96,-1.12
2015-07-27,2038.81,0.08
2015-07-28,2039.1,0.44
2015-07-29,2037.62,0.35
2015-07-30,2019.03,1.16
2015-07-31,2030.16,0.2
2015-08-03,2008.49,1.04
2015-08-04,2027.99,0.36
2015-08-05,2029.76,0.92
2015-08-06,2013.29,1.96
2015-08-07,2010.23,1.95
2015-08-10,2003.17,1.89
2015-08-11,1986.65,1.97
2015-08-12,1975.47,1.07
2015-08-13,1983.46,0.7
2015-08-17,1968.52,1.26
2015-08-18,1956.26,0.87
2015-08-19,1939.38,0.19
2015-08-20,1914.55,2.56
2015-08-21,1876.07,4.63
2015-08-24,1829.81,8.69
2015-08-25,1846.63,7.76
2015-08-26,1894.09,5.79
2015-08-27,1908.0,5.68
2015-08-28,1937.67,3.7
2015-08-31,1941.49,4.59
2015-09-01,1914.23,6.0
2015-09-02,1915.22,4.01
2015-09-03,1915.53,5.66
2015-09-04,1886.04,6.53
2015-09-07,1883.22,5.89
2015-09-08,1878.68,5.1
2015-09-09,1934.2,1.52
2015-09-10,1962.11,-0.67
2015-09-11,1941.37,0.35
2015-09-14,1931.46,1.07
2015-09-15,1937.56,0.57
2015-09-16,1975.45,-2.41
2015-09-17,1976.49,-2.2
2015-09-18,1995.95,-1.33
2015-09-21,1964.68,0.68
2015-09-22,1982.06,-0.34
2015-09-23,1944.64,1.88
2015-09-24,1947.1,2.33
2015-09-25,1942.85,2.9
2015-09-30,1962.81,1.42
2015-10-01,1979.32,-0.77
2015-10-02,1969.68,-0.17
2015-10-05,1978.25,-0.86
2015-10-06,1990.65,-3.61
2015-10-07,2005.84,-3.75
2015-10-08,2019.53,-4.66
2015-10-12,2021.63,-5.8
2015-10-13,2019.05,-5.02
2015-10-14,2009.55,-5.71
2015-10-15,2033.27,-7.0
2015-10-16,2030.26,-5.61
2015-10-19,2030.27,-6.42
2015-10-20,2039.36,-7.87
2015-10-21,2042.98,-8.05
2015-10-22,2023.0,-6.59
2015-10-23,2040.4,-9.55
2015-10-26,2048.08,-10.13
2015-10-27,2044.65,-8.08
2015-10-28,2042.51,-7.3
2015-10-29,2034.16,-7.99
2015-10-30,2029.47,-6.48
2015-11-02,2035.24,-6.3
2015-11-03,2048.4,-6.66
2015-11-04,2052.77,-6.23
2015-11-05,2049.41,-6.97
2015-11-06,2041.07,-7.37
2015-11-09,2025.7,-5.4
2015-11-10,1996.59,-3.95
2015-11-11,1997.27,-6.8
2015-11-12,1993.36,-7.93
2015-11-13,1973.29,-5.63
2015-11-16,1943.02,-2.82
2015-11-17,1963.58,-4.06
2015-11-18,1962.88,-2.75
2015-11-19,1988.91,-3.65
2015-11-20,1989.86,-3.69
2015-11-23,2003.7,-4.47
2015-11-24,2016.29,-5.15
2015-11-25,2009.42,-4.52
2015-11-26,2030.68,-5.44
2015-11-27,2028.99,-5.54
2015-11-30,1991.97,-2.24
2015-12-01,2023.93,-3.25
2015-12-02,2009.29,-2.67
2015-12-03,1994.07,-1.82
2015-12-04,1974.4,-1.43
2015-12-07,1963.67,-0.55
2015-12-08,1949.04,1.04
2015-12-09,1948.24,1.19
2015-12-10,1952.07,1.03
2015-12-11,1948.62,1.1
2015-12-14,1927.82,2.44
2015-12-15,1932.97,2.85
2015-12-16,1969.4,1.15
2015-12-17,1977.96,0.6
2015-12-18,1975.32,1.09
2015-12-21,1981.19,0.7
2015-12-22,1992.56,-0.33
2015-12-23,1999.22,-0.77
2015-12-24,1990.65,-0.41
2015-12-28,1964.06,1.57
2015-12-29,1966.31,1.82
2015-12-30,1961.31,1.76
2016-01-04,1918.76,2.86
2016-01-05,1930.53,2.51
2016-01-06,1925.43,1.94
2016-01-07,1904.33,3.52
2016-01-08,1917.62,2.93
2016-01-11,1894.84,4.07
2016-01-12,1890.86,4.2
2016-01-13,1916.28,3.39
2016-01-14,1900.01,6.1
2016-01-15,1878.87,7.23
2016-01-18,1878.45,6.96
2016-01-19,1889.64,6.44
2016-01-20,1845.45,8.69
2016-01-21,1840.53,9.87
2016-01-22,1879.43,7.24
2016-01-25,1893.43,6.4
2016-01-26,1871.69,7.9
2016-01-27,1897.87,6.19
2016-01-28,1906.94,4.93
2016-01-29,1912.06,4.29
2016-02-01,1924.82,2.77
2016-02-02,1906.6,4.19
2016-02-03,1890.67,4.55
2016-02-04,1916.26,2.69
2016-02-05,1917.79,3.37
2016-02-11,1861.54,6.37
2016-02-12,1835.28,7.75
2016-02-15,1862.2,5.63
2016-02-16,1888.3,4.22
2016-02-17,1883.94,4.47
2016-02-18,1908.84,2.51
2016-02-19,1916.24,1.59
2016-02-22,1916.36,1.63
2016-02-23,1914.22,2.14
2016-02-24,1912.53,1.32
2016-02-25,1918.57,2.19
2016-02-26,1920.16,1.92
2016-02-29,1916.66,2.74
2016-03-02,1947.42,1.01
2016-03-03,1958.17,1.29
2016-03-04,1955.63,1.39
2016-03-07,1957.87,1.39
2016-03-08,1946.12,2.04
2016-03-09,1952.95,3.0
2016-03-10,1969.33,2.93
2016-03-11,1971.41,2.68
2016-03-14,1972.27,2.3
2016-03-15,1969.97,0.46
2016-03-16,1974.9,-0.15
2016-03-17,1987.99,-0.96
2016-03-18,1992.12,-2.01
2016-03-21,1989.76,-1.83
2016-03-22,1996.81,-0.79
2016-03-23,1995.12,-0.62
2016-03-24,1985.97,0.33
2016-03-25,1983.81,0.15
2016-03-28,1982.54,-2.89
2016-03-29,1994.91,-3.41
2016-03-30,2002.14,-3.29
2016-03-31,1995.85,-1.98
2016-04-01,1973.57,-0.16
2016-04-04,1978.97,0.42
2016-04-05,1962.74,1.66
2016-04-06,1971.32,0.94
2016-04-07,1973.89,-1.05
2016-04-08,1972.05,0.1
2016-04-11,1970.37,-0.37
2016-04-12,1981.32,0.36
2016-04-14,2015.93,-1.23
2016-04-15,2014.71,-0.45
2016-04-18,2009.1,-0.02
2016-04-19,2011.36,0.29
2016-04-20,2005.83,0.76
2016-04-21,2022.1,-0.26
2016-04-22,2015.49,-0.0
2016-04-25,2014.55,-0.12
2016-04-26,2019.63,-0.46
2016-04-27,2015.4,-0.15
2016-04-28,2000.93,1.32
2016-04-29,1994.15,1.55
2016-05-02,1978.15,2.17
2016-05-03,1986.41,1.5
2016-05-04,1976.71,2.68
2016-05-09,1967.81,2.6
2016-05-10,1982.5,0.62
2016-05-11,1980.1,1.01
2016-05-12,1977.49,2.05
2016-05-13,1966.99,3.26
2016-05-16,1967.91,3.86
2016-05-17,1968.06,3.89
2016-05-18,1956.73,4.71
2016-05-19,1946.78,5.33
2016-05-20,1947.67,5.14
2016-05-23,1955.25,4.53
2016-05-24,1937.68,6.08
2016-05-25,1960.51,4.88
2016-05-26,1957.06,4.35
2016-05-27,1969.17,4.1
2016-05-30,1967.13,3.9
2016-05-31,1983.4,3.0
2016-06-01,1982.72,2.76
2016-06-02,1985.11,2.38
2016-06-03,1985.84,2.71
2016-06-07,2011.63,1.14
2016-06-08,2027.08,0.28
2016-06-09,2024.17,0.7
2016-06-10,2017.63,2.1
2016-06-13,1979.06,4.42
2016-06-14,1972.03,4.56
2016-06-15,1968.83,4.82
2016-06-16,1951.99,4.4
2016-06-17,1953.4,1.95
2016-06-20,1981.12,0.92
2016-06-21,1982.7,1.67
2016-06-22,1992.58,1.66
2016-06-23,1986.71,2.48
2016-06-24,1925.24,6.46
2016-06-27,1926.85,6.6
2016-06-28,1936.22,5.73
2016-06-29,1956.36,5.44
2016-06-30,1970.35,4.2
2016-07-01,1987.32,4.1
2016-07-04,1995.3,2.42
2016-07-05,1989.85,3.27
2016-07-06,1953.12,5.11
2016-07-07,1974.08,4.62
2016-07-08,1963.1,4.62
2016-07-11,1988.54,3.43
2016-07-12,1991.23,2.04
2016-07-13,2005.55,1.41
2016-07-14,2008.77,0.33
2016-07-15,2017.26,0.27
2016-07-18,2021.11,0.32
2016-07-19,2016.89,1.17
2016-07-20,2015.46,1.26
2016-07-21,2012.22,1.41
2016-07-22,2010.34,1.13
2016-07-25,2012.32,1.76
2016-07-26,2027.34,0.48
2016-07-27,2025.05,-0.55
2016-07-28,2021.1,0.15
2016-07-29,2016.19,0.16
2016-08-01,2029.61,-1.06
2016-08-02,2019.03,-0.58
2016-08-03,1994.79,-0.79
2016-08-04,2000.03,-0.81
2016-08-05,2017.94,-1.78
2016-08-08,2031.12,-1.65
2016-08-09,2043.78,-1.98
2016-08-10,2044.64,-4.22
2016-08-11,2048.8,-2.25
2016-08-12,2050.47,-3.22
2016-08-16,2047.76,-3.58
2016-08-17,2043.75,-3.73
2016-08-18,2055.47,-3.69
2016-08-19,2056.24,-3.68
2016-08-22,2042.16,-3.31
2016-08-23,2049.93,-4.09
2016-08-24,2043.76,-2.95
2016-08-25,2042.92,-2.69
2016-08-26,2037.5,-3.25
2016-08-29,2032.35,-2.85
2016-08-30,2039.74,-3.02
2016-08-31,2034.65,-2.77
2016-09-01,2032.72,-2.42
2016-09-02,2038.31,-2.68
2016-09-05,2060.08,-4.34
2016-09-06,2066.53,-4.99
2016-09-07,2061.88,-3.49
2016-09-08,2063.73,-3.48
2016-09-09,2037.87,-0.33
2016-09-12,1991.48,1.67
2016-09-13,1999.36,1.39
2016-09-19,2015.78,1.0
2016-09-20,2025.71,0.55
2016-09-21,2035.99,0.03
2016-09-22,2049.7,-0.36
2016-09-23,2054.07,-0.76
2016-09-26,2047.11,-0.25
2016-09-27,2062.82,-1.21
2016-09-28,2053.06,-0.84
2016-09-29,2068.72,-1.59
2016-09-30,2043.63,-0.29
2016-10-04,2054.86,-0.62
2016-10-05,2053.0,-1.39
2016-10-06,2065.3,-1.88
2016-10-07,2053.8,-1.35
2016-10-10,2056.82,-0.62
2016-10-11,2031.93,0.67
2016-10-12,2033.73,0.4
2016-10-13,2015.44,1.67
2016-10-14,2022.66,1.29
2016-10-17,2027.61,0.86
2016-10-18,2040.43,1.7
2016-10-19,2040.94,2.26
2016-10-20,2040.6,1.77
2016-10-21,2033.0,1.53
2016-10-24,2047.74,1.18
2016-10-25,2037.17,1.64
2016-10-26,2013.89,2.92
2016-10-27,2024.12,2.05
2016-10-28,2019.42,2.31
2016-10-31,2008.19,2.87
2016-11-01,2007.39,2.97
2016-11-02,1978.94,5.29
2016-11-03,1983.8,4.22
2016-11-04,1982.02,4.97
2016-11-07,1997.58,3.68
2016-11-08,2003.38,3.48
2016-11-09,1958.38,6.09
2016-11-10,2002.6,3.63
2016-11-11,1984.43,4.06
2016-11-14,1974.4,4.63
2016-11-15,1967.53,5.47
2016-11-16,1979.65,5.0
2016-11-17,1980.55,4.75
2016-11-18,1974.58,5.53
2016-11-21,1966.05,5.89
2016-11-22,1983.47,4.9
2016-11-23,1987.95,4.85
2016-11-24,1971.26,6.68
2016-11-25,1974.46,6.69
2016-11-28,1978.13,6.55
2016-11-29,1978.39,5.85
2016-11-30,1983.48,5.14
2016-12-01,1983.75,5.44
2016-12-02,1970.61,6.7
2016-12-05,1963.36,5.88
2016-12-06,1989.86,4.6
2016-12-07,1991.89,5.13
2016-12-08,2031.07,3.17
2016-12-09,2024.69,3.28
2016-12-12,2027.24,3.46
2016-12-13,2035.98,4.01
2016-12-14,2036.87,4.76
2016-12-15,2036.65,4.73
2016-12-16,2042.24,5.28
2016-12-19,2038.39,6.19
2016-12-20,2041.94,5.64
2016-12-21,2037.96,6.89
2016-12-22,2035.73,6.51
2016-12-23,2035.9,6.72
2016-12-26,2037.75,6.44
2016-12-27,2042.17,5.56
2016-12-28,2024.49,6.86
2016-12-29,2026.46,6.93
2017-01-02,2026.16,6.83
2017-01-03,2043.97,5.69
2017-01-04,2045.64,5.96
2017-01-05,2041.95,5.84
2017-01-06,2049.12,5.45
2017-01-09,2048.78,5.07
2017-01-10,2045.12,5.21
2017-01-11,2075.17,2.8
2017-01-12,2087.14,1.76
2017-01-13,2076.79,2.51
2017-01-16,2064.17,4.09
2017-01-17,2071.87,3.04
2017-01-18,2070.54,3.63
2017-01-19,2072.79,3.65
2017-01-20,2065.61,3.52
2017-01-23,2065.99,4.03
2017-01-24,2065.76,4.81
2017-01-25,2066.94,5.17
2017-01-26,2083.59,5.44
2017-01-31,2067.57,6.78
2017-02-01,2080.48,6.2
2017-02-02,2071.01,6.49
2017-02-03,2073.16,7.07
2017-02-06,2077.66,7.87
2017-02-07,2075.21,10.48
2017-02-08,2065.08,9.93
2017-02-09,2065.88,11.16
2017-02-10,2075.08,10.17
2017-02-13,2078.65,10.2
2017-02-14,2074.57,10.64
2017-02-15,2083.86,10.04
2017-02-16,2081.84,9.85
2017-02-17,2080.58,9.99
2017-02-20,2084.39,10.54
2017-02-21,2102.93,9.93
2017-02-22,2106.61,10.0
2017-02-23,2107.63,11.16
2017-02-24,2094.12,12.47
2017-02-27,2085.52,12.82
2017-02-28,2091.64,12.05
2017-03-02,2102.65,11.64
2017-03-03,2078.75,12.79
2017-03-06,2081.36,13.95
2017-03-07,2094.05,13.11
2017-03-08,2095.41,12.63
2017-03-09,2091.06,13.03
2017-03-10,2097.35,13.56
2017-03-13,2117.59,11.35
2017-03-14,2133.78,11.29
2017-03-15,2133.0,11.23
2017-03-16,2150.08,9.84
2017-03-17,2164.58,9.11
2017-03-20,2157.01,9.92
2017-03-21,2178.38,8.76
2017-03-22,2168.3,8.73
2017-03-23,2172.72,9.1
2017-03-24,2168.95,9.67
2017-03-27,2155.66,10.81
2017-03-28,2163.31,10.57
2017-03-29,2166.98,9.95
2017-03-30,2164.64,10.67
2017-03-31,2160.23,10.72
2017-04-03,2167.51,10.47
2017-04-04,2161.1,10.15
2017-04-05,2160.85,10.53
2017-04-06,2152.75,10.92
2017-04-07,2151.73,10.6
2017-04-10,2133.32,11.66
2017-04-11,2123.85,12.81
2017-04-12,2128.91,12.35
2017-04-13,2148.61,12.14
2017-04-14,2134.88,13.1
2017-04-17,2145.76,13.02
2017-04-18,2148.46,12.92
2017-04-19,2138.4,13.63
2017-04-20,2149.15,13.62
2017-04-21,2165.04,13.16
2017-04-24,2173.74,12.78
2017-04-25,2196.85,11.06
2017-04-26,2207.84,10.27
2017-04-27,2209.46,10.58
2017-04-28,2205.44,8.87
2017-05-02,2219.67,8.25
2017-05-04,2241.24,8.11
2017-05-08,2292.76,5.88
2017-05-10,2270.12,5.14
2017-05-11,2296.37,4.31
2017-05-12,2286.02,4.93
2017-05-15,2290.65,4.54
2017-05-16,2295.33,3.18
2017-05-17,2293.08,2.9
2017-05-18,2286.82,1.44
2017-05-19,2288.48,2.0
2017-05-22,2304.03,1.92
2017-05-23,2311.74,2.16
2017-05-24,2317.34,1.77
2017-05-25,2342.93,0.52
2017-05-26,2355.3,0.43
2017-05-29,2352.97,0.57
2017-05-30,2343.68,1.37
2017-05-31,2347.38,1.33
2017-06-01,2344.61,1.1
2017-06-02,2371.72,-0.29
2017-06-05,2368.62,0.15
2017-06-07,2360.14,0.13
2017-06-08,2363.57,-0.25
2017-06-09,2381.69,-2.19
2017-06-12,2357.87,-1.33
2017-06-13,2374.7,-2.31
2017-06-14,2372.64,-1.11
2017-06-15,2361.65,-0.76
2017-06-16,2361.83,-0.12
2017-06-19,2370.9,-0.23
2017-06-20,2369.23,-0.38
2017-06-21,2357.53,0.85
2017-06-22,2370.37,0.66
2017-06-23,2378.6,1.67
2017-06-26,2388.66,1.15
2017-06-27,2391.95,0.85
2017-06-28,2382.56,1.0
2017-06-29,2395.66,-0.64
2017-06-30,2391.79,-0.73
2017-07-03,2394.48,-0.92
2017-07-04,2380.52,-0.31
2017-07-05,2388.35,0.26
2017-07-06,2387.81,1.93
2017-07-07,2379.87,3.29
2017-07-10,2382.1,3.89
2017-07-11,2396.0,3.24
2017-07-12,2391.77,3.69
2017-07-13,2409.49,3.11
2017-07-14,2414.63,2.83
2017-07-17,2425.1,1.98
2017-07-18,2426.04,2.62
2017-07-19,2429.94,2.47
2017-07-20,2441.84,1.99
2017-07-21,2450.06,1.73
2017-07-24,2451.53,1.19
2017-07-25,2439.9,2.33
2017-07-26,2434.51,2.77
2017-07-27,2443.24,3.28
2017-07-28,2400.99,6.48
2017-07-31,2402.71,5.98
2017-08-01,2422.96,5.57
2017-08-02,2427.63,5.02
2017-08-03,2386.85,6.64
2017-08-04,2395.45,6.55
2017-08-07,2398.75,6.33
2017-08-08,2394.73,6.19
2017-08-09,2368.39,6.84
2017-08-10,2359.47,7.09
2017-08-11,2319.71,8.56
2017-08-14,2334.22,8.59
2017-08-16,2348.26,7.91
2017-08-17,2361.67,7.03
2017-08-18,2358.37,7.31
2017-08-21,2355.0,7.88
2017-08-22,2365.33,7.26
2017-08-23,2366.4,7.52
2017-08-24,2375.84,5.55
2017-08-25,2378.51,5.7
2017-08-28,2370.3,6.02
2017-08-29,2364.74,4.72
2017-08-30,2372.29,4.35
2017-08-31,2363.19,5.86
2017-09-01,2357.69,6.47
2017-09-04,2329.65,6.21
2017-09-05,2326.62,5.82
2017-09-06,2319.82,6.22
2017-09-07,2346.19,5.34
2017-09-08,2343.72,5.0
2017-09-11,2359.08,5.15
2017-09-12,2365.47,4.4
2017-09-13,2360.18,5.16
2017-09-14,2377.66,4.38
2017-09-15,2386.07,3.87
2017-09-18,2418.21,0.48
2017-09-19,2416.05,1.01
2017-09-20,2412.2,0.63
2017-09-21,2406.5,1.25
2017-09-25,2380.4,3.66
2017-09-26,2374.32,4.44
2017-09-27,2372.57,4.8
2017-09-28,2373.14,3.93
2017-09-29,2394.47,4.3
2017-10-10,2433.81,3.27
2017-10-11,2458.16,2.12
2017-10-12,2474.76,1.01
2017-10-13,2473.62,0.58
2017-10-16,2480.05,0.66
2017-10-17,2484.37,0.78
2017-10-18,2482.91,1.56
2017-10-19,2473.06,1.71
2017-10-20,2489.54,1.06
2017-10-23,2490.05,1.21
2017-10-24,2490.49,0.47
2017-10-25,2492.5,1.77
2017-10-26,2480.63,2.31
2017-10-27,2496.63,2.63
2017-10-30,2501.93,2.91
2017-10-31,2523.43,2.96
2017-11-01,2556.47,0.44
2017-11-02,2546.36,0.79
2017-11-03,2557.97,0.41
2017-11-06,2549.41,-0.94
2017-11-07,2545.44,-2.11
2017-11-08,2552.4,-3.88
2017-11-09,2550.57,-6.04
2017-11-10,2542.95,-5.32
2017-11-13,2530.35,-6.58
2017-11-14,2526.64,-5.59
2017-11-15,2518.25,-4.89
2017-11-16,2534.79,-4.46
2017-11-17,2533.99,-3.6
2017-11-20,2527.67,-4.45
2017-11-21,2530.7,-3.99
2017-11-22,2540.51,-4.97
2017-11-23,2537.15,-3.38
2017-11-24,2544.33,-3.41
2017-11-27,2507.81,-2.06
2017-11-28,2514.19,-3.45
2017-11-29,2512.9,-4.41
2017-11-30,2476.37,-4.09
2017-12-01,2475.41,-2.59
2017-12-04,2501.67,-3.99
2017-12-05,2510.12,-3.07
2017-12-06,2474.37,-0.6
2017-12-07,2461.98,0.9
2017-12-08,2464.0,1.24
2017-12-11,2471.49,0.59
2017-12-12,2461.0,1.28
2017-12-13,2480.55,0.54
2017-12-14,2469.48,0.22
2017-12-15,2482.07,0.14
2017-12-18,2481.88,0.12
2017-12-19,2478.53,0.71
2017-12-21,2429.83,-0.54
2017-12-22,2440.54,-0.14
2017-12-26,2427.34,1.02
2017-12-27,2436.67,-0.71
2017-12-28,2467.49,-1.26
2018-01-02,2479.65,-1.36
2018-01-03,2486.35,-1.7
2018-01-04,2466.46,-0.97
2018-01-05,2497.52,-3.58
2018-01-08,2513.28,-3.01
2018-01-09,2510.23,-3.21
2018-01-10,2499.75,-2.23
2018-01-11,2487.91,-1.49
2018-01-12,2496.42,-2.09
2018-01-15,2503.73,-2.44
2018-01-16,2521.74,-2.64
2018-01-17,2515.43,-2.3
2018-01-18,2515.81,-2.47
2018-01-19,2520.26,-1.6
2018-01-22,2502.11,-0.64
2018-01-23,2536.6,-2.38
2018-01-24,2538.0,-2.52
2018-01-25,2562.23,-3.83
2018-01-26,2574.76,-4.89
2018-01-29,2598.19,-4.72
2018-01-30,2567.74,-2.93
2018-01-31,2566.46,-1.99
2018-02-01,2568.54,-2.45
2018-02-02,2525.39,-1.51
2018-02-05,2491.75,-1.22
2018-02-06,2453.31,-0.14
2018-02-07,2396.56,1.98
2018-02-08,2407.62,2.35
2018-02-09,2363.77,4.82
2018-02-12,2385.38,3.8
2018-02-13,2395.19,2.64
2018-02-14,2421.83,1.57
2018-02-19,2442.82,0.23
2018-02-20,2415.12,1.89
2018-02-21,2429.65,1.48
2018-02-22,2414.28,2.39
2018-02-23,2451.52,0.59
2018-02-26,2457.65,0.13
2018-02-27,2456.14,0.93
2018-02-28,2427.36,1.23
2018-03-02,2402.16,0.29
2018-03-05,2375.06,2.02
2018-03-06,2411.41,1.14
2018-03-07,2401.82,1.91
2018-03-08,2433.08,0.85
2018-03-09,2459.45,0.45
2018-03-12,2484.12,-1.31
2018-03-13,2494.49,-0.98
2018-03-14,2486.08,-0.69
2018-03-15,2492.38,-2.76
2018-03-16,2493.97,-3.61
2018-03-19,2475.03,-3.99
2018-03-20,2485.52,-5.85
2018-03-21,2484.97,-4.87
2018-03-22,2496.02,-6.34
2018-03-23,2416.76,-2.46
2018-03-26,2437.08,-3.25
2018-03-27,2452.06,-4.12
2018-03-28,2419.29,-3.19
2018-03-29,2436.37,-5.01
2018-03-30,2445.85,-4.89
2018-04-02,2444.16,-7.06
2018-04-03,2442.43,-6.95
2018-04-04,2408.06,-5.92
2018-04-05,2437.52,-7.38
2018-04-06,2429.58,-6.45
2018-04-09,2444.08,-6.48
2018-04-10,2450.74,-6.39
2018-04-11,2444.22,-6.69
2018-04-12,2442.71,-6.45
2018-04-13,2455.07,-5.87
2018-04-16,2457.49,-6.33
2018-04-17,2453.77,-6.35
2018-04-18,2479.98,-7.66
2018-04-19,2486.1,-8.2
2018-04-20,2476.33,-7.56
2018-04-23,2474.11,-8.28
2018-04-24,2464.14,-7.46
2018-04-25,2448.81,-7.18
2018-04-26,2475.64,-7.54
2018-04-27,2492.4,-7.92
2018-04-30,2515.38,-8.82
2018-05-02,2505.61,-8.4
2018-05-03,2487.25,-7.24
2018-05-04,2461.38,-7.77
2018-05-08,2449.81,-6.62
2018-05-09,2443.98,-6.44
2018-05-10,2464.16,-6.66
2018-05-11,2477.71,-7.11
2018-05-14,2476.11,-6.96
2018-05-15,2458.54,-7.15
2018-05-16,2459.82,-8.59
2018-05-17,2448.45,-7.74
2018-05-18,2460.65,-8.93
2018-05-21,2465.57,-8.86
2018-05-23,2471.91,-9.06
2018-05-24,2466.01,-7.95
2018-05-25,2460.8,-7.62
2018-05-28,2478.96,-7.92
2018-05-29,2457.25,-6.68
2018-05-30,2409.03,-4.55
2018-05-31,2423.01,-4.95
2018-06-01,2438.96,-5.33
2018-06-04,2447.76,-5.74
2018-06-05,2453.76,-5.33
2018-06-07,2470.58,-6.62
2018-06-08,2451.58,-5.54
2018-06-11,2470.15,-7.22
2018-06-12,2468.83,-7.34
2018-06-14,2423.48,-5.86
2018-06-15,2404.04,-4.8
2018-06-18,2376.24,-3.92
2018-06-19,2340.11,-2.44
2018-06-20,2363.91,-3.29
2018-06-21,2337.83,-0.84
2018-06-22,2357.22,-2.3
2018-06-25,2357.88,-2.07
2018-06-26,2350.92,-1.81
2018-06-27,2342.03,-0.79
2018-06-28,2314.24,1.08
2018-06-29,2326.13,1.26
2018-07-02,2271.54,3.15
2018-07-03,2272.76,2.91
2018-07-04,2265.46,1.95
2018-07-05,2257.55,0.75
2018-07-06,2272.87,-0.24
2018-07-09,2285.8,-1.4
2018-07-10,2294.16,-2.86
2018-07-11,2280.62,-6.62
2018-07-12,2285.06,-5.39
2018-07-13,2310.9,-7.17
2018-07-16,2301.99,-6.81
2018-07-17,2297.92,-5.68
2018-07-18,2290.11,-6.19
2018-07-19,2282.29,-5.52
2018-07-20,2289.19,-5.57
2018-07-23,2269.31,-7.19
2018-07-24,2280.2,-8.01
2018-07-25,2273.03,-9.23
2018-07-26,2289.06,-11.44
2018-07-27,2294.99,-13.03
2018-07-30,2293.51,-12.16
2018-07-31,2295.26,-11.57
2018-08-01,2307.07,-12.25
2018-08-02,2270.2,-7.67
2018-08-03,2287.68,-9.21
2018-08-06,2286.5,-8.61
2018-08-07,2300.16,-9.63
2018-08-08,2301.45,-9.07
2018-08-09,2303.71,-9.45
2018-08-10,2282.79,-8.86
2018-08-13,2248.45,-7.88
2018-08-14,2258.91,-8.45
2018-08-16,2240.8,-6.82
2018-08-17,2247.05,-6.88
2018-08-20,2247.88,-6.55
2018-08-21,2270.06,-8.26
2018-08-22,2273.33,-8.66
2018-08-23,2282.6,-9.32
2018-08-24,2293.21,-10.28
2018-08-27,2299.3,-9.41
2018-08-28,2303.12,-8.84
2018-08-29,2309.03,-8.7
2018-08-30,2307.35,-8.38
2018-08-31,2322.88,-9.73
2018-09-03,2307.03,-7.59
2018-09-04,2315.72,-8.7
2018-09-05,2291.77,-8.31
2018-09-06,2287.61,-9.57
2018-09-07,2281.58,-9.02
2018-09-10,2288.66,-10.26
2018-09-11,2283.2,-10.08
2018-09-12,2282.92,-8.78
2018-09-13,2286.23,-8.34
2018-09-14,2318.25,-10.74
2018-09-17,2303.01,-10.07
2018-09-18,2308.98,-10.69
2018-09-19,2308.46,-9.95
2018-09-20,2323.45,-11.33
2018-09-21,2339.17,-11.87
2018-09-27,2355.43,-12.75
2018-09-28,2343.07,-13.45
2018-10-01,2338.88,-13.27
2018-10-02,2309.57,-11.63
2018-10-04,2274.49,-11.63
2018-10-05,2267.52,-12.08
2018-10-08,2253.83,-10.81
2018-10-10,2228.61,-8.59
2018-10-11,2129.67,-4.9
2018-10-12,2161.85,-4.49
2018-10-15,2145.12,-3.82
2018-10-16,2145.12,-3.24
2018-10-17,2167.51,-4.75
2018-10-18,2148.31,-2.38
2018-10-19,2156.26,-2.33
2018-10-22,2161.71,-2.53
2018-10-23,2106.1,0.86
2018-10-24,2097.58,1.29
2018-10-25,2063.3,2.64
2018-10-26,2027.15,4.96
2018-10-29,1996.05,7.46
2018-10-30,2014.69,8.09
2018-10-31,2029.69,7.27
2018-11-01,2024.46,7.85
2018-11-02,2096.0,5.26
2018-11-05,2076.92,6.16
2018-11-06,2089.62,5.45
2018-11-07,2078.69,6.0
2018-11-08,2092.63,4.03
2018-11-09,2086.09,4.54
2018-11-12,2080.44,5.29
2018-11-13,2071.23,6.29
2018-11-14,2068.05,7.63
2018-11-15,2088.06,5.17
2018-11-16,2092.4,5.66
2018-11-19,2100.56,5.0
2018-11-20,2082.58,7.07
2018-11-21,2076.55,7.33
2018-11-22,2069.95,7.76
2018-11-23,2057.48,8.51
2018-11-26,2083.02,6.89
2018-11-27,2099.42,6.45
2018-11-28,2108.22,4.14
2018-11-29,2114.1,3.62
2018-11-30,2096.86,3.93
2018-12-03,2131.93,2.05
2018-12-04,2114.35,2.43
2018-12-05,2101.31,1.72
2018-12-06,2068.69,3.36
2018-12-07,2075.76,3.92
2018-12-10,2053.79,4.61
2018-12-11,2052.97,5.0
2018-12-12,2082.57,4.49
2018-12-13,2095.55,4.01
2018-12-14,2069.38,5.23
2018-12-17,2071.09,5.12
2018-12-18,2062.11,5.95
2018-12-19,2078.84,5.2
2018-12-20,2060.12,4.11
2018-12-21,2061.49,4.24
2018-12-24,2055.01,4.41
2018-12-26,2028.01,4.94
2018-12-27,2028.44,5.53
2018-12-28,2041.04,6.23
2019-01-02,2010.0,8.32
2019-01-03,1993.7,10.51
2019-01-04,2010.25,9.76
2019-01-07,2037.1,8.47
2019-01-08,2025.27,9.15
2019-01-09,2064.71,7.21
2019-01-10,2063.28,7.81
2019-01-11,2075.57,7.17
2019-01-14,2064.52,8.18
2019-01-15,2097.18,6.95
2019-01-16,2106.1,6.77
2019-01-17,2107.06,6.59
2019-01-18,2124.28,4.21
2019-01-21,2124.61,4.31
2019-01-22,2117.77,4.67
2019-01-23,2127.78,4.36
2019-01-24,2145.03,2.61
2019-01-25,2177.73,0.59
2019-01-28,2177.3,0.09
2019-01-29,2183.36,1.51
2019-01-30,2206.2,-0.12
2019-01-31,2204.85,0.36
2019-02-01,2203.46,-0.32
2019-02-07,2203.42,-1.2
2019-02-08,2177.05,-0.42
2019-02-11,2180.73,-3.61
2019-02-12,2190.47,-3.76
2019-02-13,2201.48,-5.56
2019-02-14,2225.85,-6.47
2019-02-15,2196.09,-4.7
2019-02-18,2210.89,-6.48
2019-02-19,2205.63,-6.79
2019-02-20,2229.76,-7.81
2019-02-21,2228.66,-7.51
2019-02-22,2230.5,-7.43
2019-02-25,2232.56,-7.75
2019-02-26,2226.6,-8.14
2019-02-27,2234.79,-8.53
2019-02-28,2195.44,-6.68
2019-03-04,2190.66,-7.64
2019-03-05,2179.23,-6.44
2019-03-06,2175.6,-6.15
2019-03-07,2165.79,-4.52
2019-03-08,2137.44,-3.3
2019-03-11,2138.1,-3.23
2019-03-12,2157.18,-3.93
2019-03-13,2148.41,-2.28
2019-03-14,2155.68,-2.04
2019-03-15,2176.11,-3.1
2019-03-18,2179.49,-3.5
2019-03-19,2177.62,-3.78
2019-03-20,2177.1,-3.97
2019-03-21,2184.88,-3.94
2019-03-22,2186.95,-2.84
2019-03-25,2144.86,-0.63
2019-03-26,2148.8,-1.08
2019-03-27,2145.62,-0.9
2019-03-28,2128.1,-0.3
2019-03-29,2140.67,-0.88
2019-04-01,2168.28,-1.57
2019-04-02,2177.18,-2.14
2019-04-03,2203.27,-3.34
2019-04-04,2206.53,-3.83
2019-04-05,2209.61,-5.14
2019-04-08,2210.6,-4.61
2019-04-09,2213.56,-4.65
2019-04-10,2224.39,-7.2
2019-04-11,2224.44,-7.75
2019-04-12,2233.45,-7.82
2019-04-15,2242.88,-7.24
2019-04-16,2248.63,-7.2
2019-04-17,2245.89,-7.28
2019-04-18,2213.77,-5.51
2019-04-19,2216.15,-6.46
2019-04-22,2216.65,-6.77
2019-04-23,2220.51,-5.68
2019-04-24,2201.03,-4.89
2019-04-25,2190.5,-4.07
2019-04-26,2179.31,-4.45
2019-04-29,2216.43,-6.4
2019-04-30,2203.59,-6.23
2019-05-02,2212.75,-8.28
2019-05-03,2196.32,-7.18
2019-05-07,2176.99,-7.0
2019-05-08,2168.01,-6.95
2019-05-09,2102.01,-4.94
2019-05-10,2108.04,-7.64
2019-05-13,2079.01,-7.77
2019-05-14,2081.84,-8.27
2019-05-15,2092.78,-8.23
2019-05-16,2067.69,-6.28
2019-05-17,2055.8,-5.52
2019-05-20,2055.71,-6.32
2019-05-21,2061.25,-5.96
2019-05-22,2064.86,-6.67
2019-05-23,2059.59,-5.81
2019-05-24,2045.31,-4.16
2019-05-27,2044.21,-3.89
2019-05-28,2048.83,-4.77
2019-05-29,2023.32,-3.71
2019-05-30,2038.8,-6.01
2019-05-31,2041.74,-5.74
2019-06-03,2067.85,-6.13
2019-06-04,2066.97,-6.46
2019-06-05,2069.11,-4.9
2019-06-07,2072.33,-4.98
2019-06-10,2099.49,-6.37
2019-06-11,2111.81,-5.84
2019-06-12,2108.75,-4.93
2019-06-13,2103.15,-4.47
2019-06-14,2095.41,-3.62
2019-06-17,2090.73,-2.81
2019-06-18,2098.71,-2.36
2019-06-19,2124.78,-2.94
2019-06-20,2131.29,-3.24
2019-06-21,2125.62,-2.58
2019-06-24,2126.33,-2.16
2019-06-25,2121.64,-1.42
2019-06-26,2121.85,-1.42
2019-06-27,2134.32,-1.56
2019-06-28,2130.62,-2.69
2019-07-01,2129.74,-2.59
2019-07-02,2122.02,-3.4
2019-07-03,2096.02,-1.57
2019-07-04,2108.73,-1.72
2019-07-05,2110.59,-3.73
2019-07-08,2064.17,-2.11
2019-07-09,2052.03,-1.48
2019-07-10,2058.78,-0.61
2019-07-11,2080.58,-2.52
2019-07-12,2086.66,-2.02
2019-07-15,2082.48,-0.72
2019-07-16,2091.87,-1.13
2019-07-17,2072.92,0.48
2019-07-18,2066.55,0.55
2019-07-19,2094.36,-1.61
2019-07-22,2093.34,-1.36
2019-07-23,2101.45,-0.6
2019-07-24,2082.3,-0.08
2019-07-25,2074.48,0.54
2019-07-26,2066.26,1.05
2019-07-29,2029.48,3.16
2019-07-30,2038.68,2.65
2019-07-31,2024.55,2.75
2019-08-01,2017.34,3.28
2019-08-02,1998.13,5.11
2019-08-05,1946.98,9.41
2019-08-06,1917.5,11.74
2019-08-07,1909.71,12.28
2019-08-08,1920.61,11.65
2019-08-09,1937.75,10.29
2019-08-12,1942.29,9.36
2019-08-13,1925.83,11.17
2019-08-14,1938.37,9.5
2019-08-16,1927.17,11.0
2019-08-19,1939.9,11.46
2019-08-20,1960.25,10.23
2019-08-21,1964.65,9.6
2019-08-22,1951.01,8.93
2019-08-23,1948.3,7.61
2019-08-26,1916.31,9.69
2019-08-27,1924.6,10.33
2019-08-28,1941.09,9.29
2019-08-29,1933.41,10.06
2019-08-30,1967.79,7.66
2019-09-02,1969.19,6.03
2019-09-03,1965.69,6.42
2019-09-04,1988.53,4.8
2019-09-05,2004.75,3.2
2019-09-06,2009.13,2.57
2019-09-09,2019.55,3.08
2019-09-10,2032.08,2.78
2019-09-11,2049.2,2.38
2019-09-16,2062.22,2.1
2019-09-17,2062.33,3.64
2019-09-18,2070.73,4.81
2019-09-19,2080.35,4.22
2019-09-20,2091.52,4.98
2019-09-23,2091.7,4.93
2019-09-24,2101.04,4.55
2019-09-25,2073.39,6.31
2019-09-26,2074.52,6.23
2019-09-27,2049.93,6.84
2019-09-30,2063.05,6.54
2019-10-01,2072.42,6.36
2019-10-02,2031.91,8.16
2019-10-04,2020.69,7.64
2019-10-07,2021.73,7.65
2019-10-08,2046.25,5.32
2019-10-10,2028.15,7.27
2019-10-11,2044.61,5.22
2019-10-14,2067.4,5.76
2019-10-15,2068.17,6.68
2019-10-16,2082.83,7.03
2019-10-17,2077.94,7.75
2019-10-18,2060.69,8.26
2019-10-21,2064.84,8.87
2019-10-22,2088.86,7.74
2019-10-23,2080.62,8.75
2019-10-24,2085.66,7.39
2019-10-25,2087.89,8.59
2019-10-28,2093.6,7.29
2019-10-29,2092.69,4.02
2019-10-30,2080.27,5.05
2019-10-31,2083.48,3.1
2019-11-01,2100.2,0.9
2019-11-04,2130.24,-0.53
2019-11-05,2142.64,0.71
2019-11-06,2144.15,1.0
2019-11-07,2144.29,3.9
2019-11-08,2137.23,3.5
2019-11-11,2124.09,3.62
2019-11-12,2140.92,3.84
2019-11-13,2122.45,5.46
2019-11-14,2139.23,4.38
2019-11-15,2162.18,3.77
2019-11-18,2160.69,3.77
2019-11-19,2153.24,2.58
2019-11-20,2125.32,4.0
2019-11-21,2096.6,4.72
2019-11-22,2101.96,2.9
2019-11-25,2123.5,-2.09
2019-11-26,2121.35,-0.84
2019-11-27,2127.85,-2.4
2019-11-28,2118.6,-3.01
2019-11-29,2087.96,-4.83
2019-12-02,2091.92,-4.27
2019-12-03,2084.07,-3.35
2019-12-04,2068.89,-0.46
2019-12-05,2060.74,1.19
2019-12-06,2081.85,-2.0
2019-12-09,2088.65,-6.41
2019-12-10,2098.0,-6.44
2019-12-11,2105.62,-9.37
2019-12-12,2137.35,-14.18
2019-12-13,2170.25,-18.38
2019-12-16,2168.15,-20.91
2019-12-17,2195.68,-23.83
2019-12-18,2194.76,-27.5
2019-12-19,2196.56,-33.64
2019-12-20,2204.18,-28.95
2019-12-23,2203.71,-32.73
2019-12-24,2190.08,-26.49
2019-12-26,2197.93,-22.44
2019-12-27,2204.21,-23.5
2019-12-30,2197.67,-21.84
2020-01-02,2175.17,-21.06
2020-01-03,2176.46,-19.38
2020-01-06,2155.07,-21.79
2020-01-07,2175.54,-20.72
2020-01-08,2151.31,-19.8
2020-01-09,2186.45,-18.05
2020-01-10,2206.39,-17.35
2020-01-13,2229.26,-18.94
2020-01-14,2238.88,-17.99
2020-01-15,2230.98,-16.6
2020-01-16,2248.05,-18.78
2020-01-17,2250.57,-17.48
2020-01-20,2262.64,-17.92
2020-01-21,2239.69,-14.52
2020-01-22,2267.25,-16.27
2020-01-23,2246.13,-16.33
2020-01-28,2176.72,-12.89
2020-01-29,2185.28,-12.38
2020-01-30,2148.0,-12.06
2020-01-31,2119.01,-9.26
2020-02-03,2118.88,-8.72
2020-02-04,2157.9,-9.75
2020-02-05,2165.63,-12.48
2020-02-06,2227.94,-13.43
2020-02-07,2211.95,-12.81
2020-02-10,2201.07,-11.6
2020-02-11,2223.12,-12.94
2020-02-12,2238.38,-14.13
2020-02-13,2232.96,-13.1
2020-02-14,2243.59,-14.2
2020-02-17,2242.17,-14.04
2020-02-18,2208.88,-12.3
2020-02-19,2210.34,-10.39
2020-02-20,2195.5,-9.38
2020-02-21,2162.84,-7.61
2020-02-24,2079.04,-5.24
2020-02-25,2103.61,-5.18
2020-02-26,2076.77,-2.26
2020-02-27,2054.89,-1.15
2020-02-28,1987.01,2.09
2020-03-02,2002.51,1.35
2020-03-03,2014.15,2.53
2020-03-04,2059.33,1.35
2020-03-05,2085.26,2.96
2020-03-06,2040.22,5.44
2020-03-09,1954.77,11.62
2020-03-10,1962.93,11.28
2020-03-11,1908.27,14.71
2020-03-12,1834.33,19.7
2020-03-13,1771.44,22.88
2020-03-16,1714.86,24.34
2020-03-17,1672.44,21.43
2020-03-18,1591.2,34.37
2020-03-19,1457.64,46.88
2020-03-20,1566.15,36.22
2020-03-23,1482.46,44.44
2020-03-24,1609.97,32.1
2020-03-25,1704.76,25.02
2020-03-26,1686.24,28.19
2020-03-27,1717.73,22.97
2020-03-30,1717.12,24.32
2020-03-31,1754.64,19.31
2020-04-01,1685.46,25.09
2020-04-02,1724.86,22.14
2020-04-03,1725.44,23.76
2020-04-06,1791.88,20.12
2020-04-07,1823.6,19.98
2020-04-08,1807.14,19.76
2020-04-09,1836.21,17.57
2020-04-10,1860.7,16.51
2020-04-13,1825.76,17.77
2020-04-14,1857.08,17.71
2020-04-16,1857.07,17.58
2020-04-17,1914.53,15.01
2020-04-20,1898.36,15.03
2020-04-21,1879.38,17.12
2020-04-22,1896.15,15.93
2020-04-23,1914.73,16.4
2020-04-24,1889.01,17.98
2020-04-27,1922.77,15.26
2020-04-28,1934.09,13.77
2020-04-29,1947.56,13.88
2020-05-04,1895.37,19.08
2020-05-06,1928.76,17.34
2020-05-07,1928.61,17.55
2020-05-08,1945.82,15.6
2020-05-11,1935.4,16.31
2020-05-12,1922.17,18.61
2020-05-13,1940.42,19.14
2020-05-14,1924.96,21.7
2020-05-15,1927.28,22.02
2020-05-18,1937.11,23.19
2020-05-19,1980.61,22.12
2020-05-20,1989.64,22.25
2020-05-21,1998.31,21.98
2020-05-22,1970.13,22.2
2020-05-25,1994.6,17.73
2020-05-26,2029.78,16.3
2020-05-27,2031.2,11.96
2020-05-28,2028.54,13.61
2020-05-29,2029.6,14.79
2020-06-01,2065.08,14.61
2020-06-02,2087.19,13.52
2020-06-03,2147.0,9.2
2020-06-04,2151.18,9.42
2020-06-05,2181.87,6.61
2020-06-08,2184.29,7.57
2020-06-09,2188.92,8.02
2020-06-10,2195.69,9.12
2020-06-11,2176.78,8.8
2020-06-12,2132.3,11.81
2020-06-15,2030.82,18.27
2020-06-16,2138.05,11.12
2020-06-17,2141.05,11.93
2020-06-18,2133.48,12.34
2020-06-19,2141.32,13.38
2020-06-22,2126.73,14.9
2020-06-23,2131.24,14.3
2020-06-24,2161.51,11.32
2020-06-25,2112.37,14.2
2020-06-26,2134.65,11.93
2020-06-29,2093.48,11.42
2020-06-30,2108.33,10.67
2020-07-01,2106.7,7.88
2020-07-02,2135.37,6.72
2020-07-03,2152.41,7.23
2020-07-06,2187.93,6.4
2020-07-07,2164.17,8.96
2020-07-08,2158.88,9.59
2020-07-09,2167.9,10.1
2020-07-10,2150.25,11.24
2020-07-13,2186.06,9.96
2020-07-14,2183.61,10.05
2020-07-15,2201.88,8.11
2020-07-16,2183.76,8.13
2020-07-17,2201.19,6.38
2020-07-20,2198.2,6.76
2020-07-21,2228.83,5.81
2020-07-22,2228.66,6.38
2020-07-23,2216.19,6.27
2020-07-24,2200.44,7.29
2020-07-27,2217.86,5.68
2020-07-28,2256.99,3.27
2020-07-29,2263.16,3.63
2020-07-30,2267.01,2.63
2020-07-31,2249.37,0.79
2020-08-03,2251.04,2.18
2020-08-04,2279.97,2.78
2020-08-05,2311.86,1.97
2020-08-06,2342.61,3.04
2020-08-07,2351.67,2.76
2020-08-10,2386.38,2.55
2020-08-11,2418.67,1.41
2020-08-12,2432.35,2.2
2020-08-13,2437.53,1.56
2020-08-14,2407.49,3.59
2020-08-18,2348.24,8.3
2020-08-19,2360.54,7.57
2020-08-20,2274.22,11.93
2020-08-21,2304.59,10.54
2020-08-24,2329.83,9.6
2020-08-25,2366.73,9.97
2020-08-26,2369.32,10.49
2020-08-27,2344.45,10.97
2020-08-28,2353.8,11.56
2020-08-31,2326.17,13.21
2020-09-01,2349.55,10.29
2020-09-02,2364.37,11.41
2020-09-03,2395.9,11.69
2020-09-04,2368.25,13.85
2020-09-07,2384.22,14.56
2020-09-08,2401.91,14.3
2020-09-09,2375.81,13.68
2020-09-10,2396.48,14.98
2020-09-11,2396.69,14.59
2020-09-14,2427.91,14.09
2020-09-15,2443.58,13.04
2020-09-16,2435.92,13.17
2020-09-17,2406.17,15.2
2020-09-18,2412.4,14.84
2020-09-21,2389.39,16.02
2020-09-22,2332.59,19.12
2020-09-23,2333.24,17.16
2020-09-24,2272.7,21.43
2020-09-25,2278.79,23.17
2020-09-28,2308.08,21.69
2020-09-29,2327.89,21.16
2020-10-05,2358.0,21.86
2020-10-06,2365.9,24.45
2020-10-07,2386.94,25.29
2020-10-08,2391.96,24.09
2020-10-12,2403.73,26.12
2020-10-13,2403.15,31.17
2020-10-14,2380.48,32.26
2020-10-15,2361.21,32.39
2020-10-16,2341.53,34.45
2020-10-19,2346.74,34.23
2020-10-20,2358.41,30.85
2020-10-21,2370.86,27.12
2020-10-22,2355.05,31.32
2020-10-23,2360.81,31.93
2020-10-26,2343.91,34.85
2020-10-27,2330.84,34.74
2020-10-28,2345.26,36.83
2020-10-29,2326.67,34.97
2020-10-30,2267.15,37.73
2020-11-02,2300.16,33.43
2020-11-03,2343.31,27.01
2020-11-04,2357.32,29.66
2020-11-05,2413.79,28.3
2020-11-06,2416.5,29.51
2020-11-09,2447.2,26.17
2020-11-10,2452.83,27.23
2020-11-11,2485.87,24.35
2020-11-12,2475.62,24.6
2020-11-13,2493.87,24.33
2020-11-16,2543.03,23.75
2020-11-17,2539.15,24.58
2020-11-18,2545.64,23.1
2020-11-19,2547.42,21.17
2020-11-20,2553.5,21.7
2020-11-23,2602.59,18.33
2020-11-24,2617.76,17.28
2020-11-25,2601.54,15.12
2020-11-26,2625.91,18.04
2020-11-27,2633.45,14.41
2020-11-30,2591.34,17.46
2020-12-01,2634.25,17.03
2020-12-02,2675.9,13.74
2020-12-03,2696.22,12.24
2020-12-04,2731.45,9.69
2020-12-07,2745.44,8.4
2020-12-08,2700.93,9.52
2020-12-09,2755.47,9.37
2020-12-10,2746.46,11.21
2020-12-11,2770.06,9.95
2020-12-14,2762.2,11.04
2020-12-15,2756.82,10.54
2020-12-16,2771.79,10.61
2020-12-17,2770.43,9.71
2020-12-18,2772.18,9.5
2020-12-21,2778.65,8.14
2020-12-22,2733.68,9.61
2020-12-23,2759.82,9.0
2020-12-24,2806.86,8.34
2020-12-28,2808.6,8.1
2020-12-29,2820.51,8.85
2020-12-30,2873.47,6.54
2021-01-04,2944.45,4.85
2021-01-05,2990.57,4.09
2021-01-06,2968.21,5.14
2021-01-07,3031.68,3.15
2021-01-08,3152.18,-0.47
2021-01-11,3148.45,-0.16
2021-01-12,3125.95,0.19
2021-01-13,3148.29,-0.4
2021-01-14,3149.93,0.61
2021-01-15,3085.9,3.13
2021-01-18,3013.93,5.99
2021-01-19,3092.66,3.43
2021-01-20,3114.55,2.71
2021-01-21,3160.84,1.89
2021-01-22,3140.63,0.99
2021-01-25,3208.99,-0.98
2021-01-26,3140.31,1.3
2021-01-27,3122.56,3.04
2021-01-28,3069.05,4.77
2021-01-29,2976.21,6.9
2021-02-01,3056.53,3.85
2021-02-02,3096.81,1.65
2021-02-03,3129.68,-0.08
2021-02-04,3087.55,1.94
2021-02-05,3120.63,1.28
2021-02-08,3091.24,3.43
2021-02-09,3084.67,5.34
2021-02-10,3100.58,3.51
2021-02-15,3147.0,0.47
2021-02-16,3163.25,-1.3
2021-02-17,3133.73,0.63
2021-02-18,3086.66,1.55
2021-02-19,3107.62,2.11
2021-02-22,3079.75,2.68
2021-02-23,3070.09,2.81
2021-02-24,2994.98,4.99
2021-02-25,3099.69,2.31
2021-02-26,3012.95,5.16
2021-03-02,3043.87,4.0
2021-03-03,3082.99,3.43
2021-03-04,3043.49,5.27
2021-03-05,3026.26,6.46
2021-03-08,2996.11,7.61
2021-03-09,2976.12,9.12
2021-03-10,2958.12,9.53
2021-03-11,3013.7,7.91
2021-03-12,3054.39,6.33
2021-03-15,3045.71,5.6
2021-03-16,3067.17,5.13
2021-03-17,3047.5,6.62
2021-03-18,3066.01,6.07
2021-03-19,3039.53,7.21
2021-03-22,3035.46,8.01
2021-03-23,3004.74,8.66
2021-03-24,2996.35,9.06
2021-03-25,3008.33,7.73
2021-03-26,3041.01,7.33
2021-03-29,3036.04,7.91
2021-03-30,3070.0,7.04
2021-03-31,3061.42,7.89
2021-04-01,3087.4,6.95
2021-04-02,3112.8,5.59
2021-04-05,3120.83,5.63
2021-04-06,3127.08,4.96
2021-04-07,3137.41,4.6
2021-04-08,3143.26,4.77
2021-04-09,3131.88,5.53
2021-04-12,3135.59,4.78
2021-04-13,3169.08,2.64
2021-04-14,3182.38,1.12
2021-04-15,3194.33,1.63
2021-04-16,3198.62,2.27
2021-04-19,3198.84,2.06
2021-04-20,3220.7,2.03
2021-04-21,3171.66,3.32
2021-04-22,3177.52,2.09
2021-04-23,3181.08,1.62
2021-04-26,3217.53,-0.05
2021-04-27,3215.42,1.08
2021-04-28,3181.47,2.29
2021-04-29,3174.07,1.6
2021-04-30,3147.86,2.69
2021-05-03,3127.2,3.51
2021-05-04,3147.37,3.03
2021-05-06,3160.43,1.33
2021-05-07,3197.2,0.81
2021-05-10,3249.3,-0.37
2021-05-11,3209.43,2.21
2021-05-12,3161.66,3.62
2021-05-13,3122.11,4.75
2021-05-14,3153.32,3.4
2021-05-17,3134.52,3.47
2021-05-18,3173.05,1.5
2021-05-20,3162.28,1.46
2021-05-21,3156.42,0.47
2021-05-24,3144.3,-0.04
2021-05-25,3171.32,-0.39
2021-05-26,3168.43,-2.23
2021-05-27,3165.51,-3.32
2021-05-28,3188.73,-3.09
2021-05-31,3203.92,-2.05
2021-06-01,3221.87,-2.33
2021-06-02,3224.23,-2.97
2021-06-03,3247.43,-3.5
2021-06-04,3240.08,-2.96
2021-06-07,3252.12,-1.63
2021-06-08,3247.83,-1.26
2021-06-09,3216.18,-1.25
2021-06-10,3224.64,-0.73
2021-06-11,3249.32,-1.42
2021-06-14,3252.13,-1.99
2021-06-15,3258.63,-2.93
2021-06-16,3278.68,-5.0
2021-06-17,3264.96,-4.26
2021-06-18,3267.93,-4.29
2021-06-21,3240.79,-2.84
2021-06-22,3263.88,-3.38
2021-06-23,3276.19,-4.46
2021-06-24,3286.1,-4.43
2021-06-25,3302.84,-5.31
2021-06-28,3301.89,-5.35
2021-06-29,3286.68,-4.66
2021-06-30,3296.68,-6.03
2021-07-01,3282.06,-6.76
2021-07-02,3281.78,-6.49
2021-07-05,3293.21,-8.32
2021-07-06,3305.21,-10.38
2021-07-07,3285.34,-11.48
2021-07-08,3252.68,-9.01
2021-07-09,3217.95,-8.13
2021-07-12,3246.47,-10.17
2021-07-13,3271.38,-9.99
2021-07-14,3264.81,-8.46
2021-07-15,3286.22,-8.25
2021-07-16,3276.91,-8.25
2021-07-19,3244.04,-6.63
2021-07-20,3232.7,-6.79
2021-07-21,3215.91,-6.49
2021-07-22,3250.21,-7.51
2021-07-23,3254.42,-7.19
2021-07-26,3224.95,-5.45
2021-07-27,3232.53,-6.4
2021-07-28,3236.86,-7.02
2021-07-29,3242.65,-8.39
2021-07-30,3202.32,-6.98
2021-08-02,3223.04,-6.5
2021-08-03,3237.14,-8.08
2021-08-04,3280.38,-9.06
2021-08-05,3276.13,-9.37
2021-08-06,3270.36,-9.48
2021-08-09,3260.42,-9.14
2021-08-10,3243.19,-9.65
2021-08-11,3220.62,-9.18
2021-08-12,3208.38,-7.47
2021-08-13,3171.29,-5.42
2021-08-17,3143.09,-4.64
2021-08-18,3158.93,-6.22
2021-08-19,3097.83,-4.86
2021-08-20,3060.51,-2.92
2021-08-23,3090.21,-2.49
2021-08-24,3138.3,-4.49
2021-08-25,3146.81,-4.85
2021-08-26,3128.53,-4.74
2021-08-27,3133.9,-6.3
2021-08-30,3144.19,-7.47
2021-08-31,3199.27,-11.26
2021-09-01,3207.02,-9.58
2021-09-02,3175.85,-7.26
2021-09-03,3201.06,-7.27
2021-09-06,3203.33,-7.18
2021-09-07,3187.42,-6.14
2021-09-08,3162.99,-5.1
2021-09-09,3114.7,-2.73
2021-09-10,3125.76,-3.7
2021-09-13,3127.86,-4.03
2021-09-14,3148.83,-5.11
2021-09-15,3153.4,-5.2
2021-09-16,3130.09,-3.95
2021-09-17,3140.51,-3.91
2021-09-23,3127.58,-5.26
2021-09-24,3125.24,-4.81
2021-09-27,3133.64,-4.76
2021-09-28,3097.92,-3.22
2021-09-29,3060.27,-1.56
2021-09-30,3068.82,-2.26
2021-10-01,3019.18,0.04
2021-10-05,2962.17,1.05
2021-10-06,2908.31,2.38
2021-10-07,2959.46,1.01
2021-10-08,2956.3,-0.08
2021-10-12,2916.38,0.14
2021-10-13,2944.41,0.36
2021-10-14,2988.64,-2.07
2021-10-15,3015.06,-2.91
2021-10-18,3006.68,-1.14
2021-10-19,3029.04,-2.21
2021-10-20,3013.13,-3.03
2021-10-21,3007.33,-3.9
2021-10-22,3006.16,-4.72
2021-10-25,3020.54,-5.9
2021-10-26,3049.08,-6.11
2021-10-27,3025.49,-6.32
2021-10-28,3009.55,-7.23
2021-10-29,2970.68,-8.43
2021-11-01,2978.94,-9.05
2021-11-02,3013.49,-13.24
2021-11-03,2975.71,-10.5
2021-11-04,2983.22,-9.23
2021-11-05,2969.27,-7.38
2021-11-08,2960.2,-7.27
2021-11-09,2962.46,-7.29
2021-11-10,2930.17,-5.51
2021-11-11,2924.92,-5.23
2021-11-12,2968.8,-7.45
2021-11-15,2999.52,-9.84
2021-11-16,2997.21,-10.7
2021-11-17,2962.42,-7.86
2021-11-18,2947.38,-6.9
2021-11-19,2971.02,-7.62
2021-11-22,3013.25,-8.94
2021-11-23,2997.33,-9.69
2021-11-24,2994.29,-9.18
2021-11-25,2980.27,-11.12
2021-11-26,2936.44,-8.84
2021-11-29,2909.32,-7.22
2021-11-30,2839.01,-4.77
2021-12-01,2899.72,-5.26
2021-12-02,2945.27,-7.87
2021-12-03,2968.33,-10.68
2021-12-06,2973.25,-11.8
2021-12-07,2991.72,-10.41
2021-12-08,3001.8,-11.34
2021-12-09,3029.57,-12.67
2021-12-10,3010.23,-12.91
2021-12-13,3001.66,-11.41
2021-12-14,2987.95,-9.82
2021-12-15,2989.39,-9.45
2021-12-16,3006.41,-10.66
2021-12-17,3017.73,-10.2
2021-12-20,2963.0,-7.69
2021-12-21,2975.03,-8.25
2021-12-22,2984.48,-8.53
2021-12-23,2998.17,-8.96
2021-12-24,3012.43,-9.01
2021-12-27,2999.55,-8.43
2021-12-28,3020.24,-8.69
2021-12-29,2993.29,-8.47
2021-12-30,2977.65,-7.38
2022-01-04,2989.24,-7.7
2022-01-05,2953.97,-7.41
2022-01-06,2920.53,-7.69
2022-01-07,2954.89,-8.61
2022-01-10,2926.72,-7.98
2022-01-11,2927.38,-8.9
2022-01-12,2972.48,-8.61
2022-01-13,2962.09,-8.28
2022-01-14,2921.92,-7.73
2022-01-17,2890.1,-6.81
2022-01-18,2864.24,-5.07
2022-01-19,2842.28,-4.35
2022-01-20,2862.68,-4.7
2022-01-21,2834.29,-4.57
2022-01-24,2792.0,-4.83
2022-01-25,2720.39,-1.91
2022-01-26,2709.24,-2.59
2022-01-27,2614.49,2.03
2022-01-28,2663.34,1.19
2022-02-03,2707.82,-0.75
2022-02-04,2750.26,-2.54
2022-02-07,2745.06,-2.46
2022-02-08,2746.47,-3.71
2022-02-09,2768.85,-6.22
2022-02-10,2771.93,-6.48
2022-02-11,2747.71,-7.19
2022-02-14,2704.48,-3.71
2022-02-15,2676.54,-2.99
2022-02-16,2729.68,-4.0
2022-02-17,2744.09,-4.3
2022-02-18,2744.52,-5.54
2022-02-21,2743.8,-3.81
2022-02-22,2706.79,-2.19
2022-02-23,2719.53,-4.18
2022-02-24,2648.8,-1.19
2022-02-25,2676.76,-2.4
2022-02-28,2699.18,-2.26
2022-03-02,2703.52,-1.25
2022-03-03,2747.08,-2.23
2022-03-04,2713.43,-2.01
2022-03-07,2651.31,0.73
2022-03-08,2622.4,0.15
2022-03-10,2680.32,-2.02
2022-03-11,2661.28,-1.35
2022-03-14,2645.65,-1.88
2022-03-15,2621.53,-4.46
2022-03-16,2659.23,-6.25
2022-03-17,2694.51,-9.17
2022-03-18,2707.02,-9.44
2022-03-21,2686.05,-9.13
2022-03-22,2710.0,-11.77
2022-03-23,2735.05,-11.92
2022-03-24,2729.66,-14.17
2022-03-25,2729.98,-15.23
2022-03-28,2729.56,-13.3
2022-03-29,2741.07,-12.37
2022-03-30,2746.74,-11.82
2022-03-31,2757.65,-13.77
2022-04-01,2739.85,-14.86
2022-04-04,2757.9,-16.41
2022-04-05,2759.2,-16.63
2022-04-06,2735.03,-14.38
2022-04-07,2695.86,-14.98
2022-04-08,2700.39,-13.56
2022-04-11,2693.1,-12.72
2022-04-12,2666.76,-12.24
2022-04-13,2716.49,-14.68
2022-04-14,2716.71,-14.29
2022-04-15,2696.06,-13.86
2022-04-18,2693.21,-13.45
2022-04-19,2718.89,-12.64
2022-04-20,2718.69,-12.79
2022-04-21,2728.21,-12.51
2022-04-22,2704.71,-10.93
2022-04-25,2657.13,-9.94
2022-04-26,2668.31,-9.92
2022-04-27,2639.06,-8.57
2022-04-28,2667.49,-9.45
2022-04-29,2695.05,-9.64
2022-05-02,2687.45,-8.78
2022-05-03,2680.46,-8.51
2022-05-04,2677.57,-8.89
2022-05-06,2644.51,-6.92
2022-05-10,2596.56,-4.75
2022-05-11,2592.27,-3.91
2022-05-12,2550.08,-2.23
2022-05-13,2604.24,-3.87
2022-05-16,2596.58,-4.46
2022-05-17,2620.44,-3.69
2022-05-18,2625.98,-3.73
2022-05-19,2592.34,-2.27
2022-05-20,2639.29,-4.65
2022-05-23,2647.38,-5.26
2022-05-24,2605.87,-4.34
2022-05-25,2617.22,-5.91
2022-05-26,2612.45,-6.78
2022-05-27,2638.05,-7.23
2022-05-30,2669.66,-7.21
2022-05-31,2685.9,-7.63
2022-06-02,2658.99,-8.73
2022-06-03,2670.65,-8.23
2022-06-07,2626.34,-5.87
2022-06-08,2626.15,-8.02
2022-06-09,2625.44,-8.23
2022-06-10,2595.87,-7.4
2022-06-13,2504.51,-3.77
2022-06-14,2492.97,-4.67
2022-06-15,2447.38,-2.58
2022-06-16,2451.41,-0.08
2022-06-17,2440.93,-1.21
2022-06-20,2391.03,0.45
2022-06-21,2408.93,-1.09
2022-06-22,2342.81,0.55
2022-06-23,2314.32,2.31
2022-06-24,2366.6,-0.82
2022-06-27,2401.92,-2.9
2022-06-28,2422.09,-5.45
2022-06-29,2377.99,-6.6
2022-06-30,2332.64,-4.66
2022-07-01,2305.42,-5.9
2022-07-04,2300.34,-5.63
2022-07-05,2341.78,-7.96
2022-07-06,2292.01,-3.61
2022-07-07,2334.27,-5.1
2022-07-08,2350.61,-4.8
2022-07-11,2340.27,-4.59
2022-07-12,2317.76,-5.42
2022-07-13,2328.61,-5.42
2022-07-14,2322.32,-6.87
2022-07-15,2330.98,-5.08
2022-07-18,2375.25,-6.55
2022-07-19,2370.97,-5.1
2022-07-20,2386.85,-6.26
2022-07-21,2409.16,-7.93
2022-07-22,2393.14,-7.52
2022-07-25,2403.69,-6.97
2022-07-26,2412.96,-7.37
2022-07-27,2415.53,-6.87
2022-07-28,2435.27,-6.02
2022-07-29,2451.5,-7.47
2022-08-01,2452.25,-6.47
2022-08-02,2439.62,-4.28
2022-08-03,2461.45,-5.06
2022-08-04,2473.11,-5.82
2022-08-05,2490.8,-5.72
2022-08-08,2493.1,-4.87
2022-08-09,2503.46,-4.17
2022-08-10,2480.88,-2.28
2022-08-11,2523.78,-4.82
2022-08-12,2527.94,-1.77
2022-08-16,2533.52,-2.32
2022-08-17,2516.47,-1.44
2022-08-18,2508.05,-1.22
2022-08-19,2492.69,-2.0
2022-08-22,2462.5,-0.73
2022-08-23,2435.34,-0.65
2022-08-24,2447.45,-1.72
2022-08-25,2477.26,-2.39
2022-08-26,2481.03,-1.6
2022-08-29,2426.89,0.45
2022-08-30,2450.93,-1.74
2022-08-31,2472.05,-1.56
2022-09-01,2415.61,2.36
2022-09-02,2409.41,2.92
2022-09-05,2403.68,1.28
2022-09-06,2410.02,0.39
2022-09-07,2376.46,0.7
2022-09-08,2384.28,-0.06
2022-09-13,2449.54,-3.2
2022-09-14,2411.42,-0.93
2022-09-15,2401.83,-1.2
2022-09-16,2382.78,-0.44
2022-09-19,2355.66,1.85
2022-09-20,2367.85,-0.29
2022-09-21,2347.21,0.55
2022-09-22,2332.31,0.85
2022-09-23,2290.0,1.89
2022-09-26,2220.94,4.86
2022-09-27,2223.86,5.97
2022-09-28,2169.29,6.66
2022-09-29,2170.93,6.73
2022-09-30,2155.49,8.23
2022-10-04,2209.38,3.22
2022-10-05,2215.22,0.96
2022-10-06,2237.86,-0.54
2022-10-07,2232.84,-0.63
2022-10-11,2192.07,2.92
2022-10-12,2202.47,2.82
2022-10-13,2162.87,5.88
2022-10-14,2212.55,6.22
2022-10-17,2219.71,5.93
2022-10-18,2249.95,4.87
2022-10-19,2237.44,5.71
2022-10-20,2218.09,7.57
2022-10-21,2213.12,8.44
2022-10-24,2236.16,6.41
2022-10-25,2235.07,5.96
2022-10-26,2249.56,5.81
2022-10-27,2288.78,4.65
2022-10-28,2268.4,7.06
2022-10-31,2293.61,7.63
2022-11-01,2335.22,6.37
2022-11-02,2336.87,4.86
2022-11-03,2329.17,4.12
2022-11-04,2348.43,4.32
2022-11-07,2371.79,4.09
2022-11-08,2399.04,3.39
2022-11-09,2424.41,0.57
2022-11-10,2402.23,2.06
2022-11-11,2483.16,0.02
2022-11-14,2474.65,0.28
2022-11-15,2480.33,-0.43
2022-11-16,2477.45,-1.0
2022-11-17,2442.9,0.93
2022-11-18,2444.48,-0.68
2022-11-21,2419.5,2.31
2022-11-22,2405.27,1.91
2022-11-23,2418.01,1.53
2022-11-24,2441.33,0.72
2022-11-25,2437.86,-0.83
2022-11-28,2408.27,1.28
2022-11-29,2433.39,-0.4
2022-11-30,2472.53,-2.83
2022-12-01,2479.84,-2.7
2022-12-02,2434.33,-0.27
2022-12-05,2419.32,0.53
2022-12-06,2393.16,2.9
2022-12-07,2382.81,3.38
2022-12-08,2371.08,2.57
2022-12-09,2389.04,1.26
2022-12-12,2373.02,0.91
2022-12-13,2372.4,1.61
2022-12-14,2399.25,-2.1
2022-12-15,2360.97,0.79
2022-12-16,2360.02,0.76
2022-12-19,2352.17,1.85
2022-12-20,2333.29,1.97
2022-12-21,2328.95,2.55
2022-12-22,2356.73,2.56
2022-12-23,2313.69,4.79
2022-12-26,2317.14,4.22
2022-12-27,2332.79,3.28
2022-12-28,2280.45,6.77
2022-12-29,2236.4,9.28
2023-01-02,2225.67,10.22
2023-01-03,2218.68,11.64
2023-01-04,2255.98,9.59
2023-01-05,2264.65,9.53
2023-01-06,2289.97,8.96
2023-01-09,2350.19,4.64
2023-01-10,2351.31,5.92
2023-01-11,2359.53,6.47
2023-01-12,2365.1,7.73
2023-01-13,2386.09,6.9
2023-01-16,2399.86,6.74
2023-01-17,2379.39,8.07
2023-01-18,2368.32,8.77
2023-01-19,2380.34,8.01
2023-01-20,2395.26,7.51
2023-01-25,2428.57,5.54
2023-01-26,2468.65,3.07
2023-01-27,2484.02,1.59
2023-01-30,2450.47,1.57
2023-01-31,2425.08,2.46
2023-02-01,2449.8,1.88
2023-02-02,2468.88,1.32
2023-02-03,2480.4,1.77
2023-02-06,2438.19,2.59
2023-02-07,2451.71,2.01
2023-02-08,2483.64,1.19
2023-02-09,2481.52,1.15
2023-02-10,2469.73,1.08
2023-02-13,2452.7,1.56
2023-02-14,2465.64,0.4
2023-02-15,2427.9,2.12
2023-02-16,2475.48,0.19
2023-02-17,2451.21,1.77
2023-02-20,2455.12,2.46
2023-02-21,2458.96,3.21
2023-02-22,2417.68,5.77
2023-02-23,2439.09,5.27
2023-02-24,2423.61,5.93
2023-02-27,2402.64,6.33
2023-02-28,2412.85,6.05
2023-03-02,2427.85,6.49
2023-03-03,2432.07,5.96
2023-03-06,2462.62,4.33
2023-03-07,2463.35,5.6
2023-03-08,2431.91,7.55
2023-03-09,2419.09,8.12
2023-03-10,2394.59,9.03
2023-03-13,2410.6,9.56
2023-03-14,2348.97,11.94
2023-03-15,2379.72,10.85
2023-03-16,2377.91,10.14
2023-03-17,2395.69,8.88
2023-03-20,2379.2,10.36
2023-03-21,2388.35,9.26
2023-03-22,2416.96,7.78
2023-03-23,2424.48,6.52
2023-03-24,2414.96,7.4
2023-03-27,2409.22,6.68
2023-03-28,2434.94,6.05
2023-03-29,2443.92,5.62
2023-03-30,2453.16,4.53
2023-03-31,2476.86,2.95
2023-04-03,2472.34,3.72
2023-04-04,2480.51,4.92
2023-04-05,2495.21,3.93
2023-04-06,2459.23,4.87
2023-04-07,2490.41,2.65
2023-04-10,2512.08,0.58
2023-04-11,2547.86,-1.07
2023-04-12,2550.64,0.46
2023-04-13,2561.66,0.51
2023-04-14,2571.49,0.77
2023-04-17,2575.91,2.03
2023-04-18,2571.09,1.86
2023-04-19,2575.08,1.26
2023-04-20,2563.11,1.76
2023-04-21,2544.4,2.19
2023-04-24,2523.5,3.42
2023-04-25,2489.02,5.61
2023-04-26,2484.83,6.1
2023-04-27,2495.81,3.87
2023-04-28,2501.53,4.09
2023-05-02,2524.39,3.32
2023-05-03,2501.4,5.24
2023-05-04,2500.94,6.64
2023-05-08,2513.21,4.11
2023-05-09,2510.06,3.8
2023-05-10,2496.51,4.26
2023-05-11,2491.0,3.6
2023-05-12,2475.42,3.98
2023-05-15,2479.35,5.07
2023-05-16,2480.24,4.89
2023-05-17,2494.66,3.87
2023-05-18,2515.4,2.21
2023-05-19,2537.79,-0.48
2023-05-22,2557.08,-1.46
2023-05-23,2567.55,-2.46
2023-05-24,2567.45,-2.28
2023-05-25,2554.69,-1.52
2023-05-26,2558.81,-2.08
2023-05-30,2585.52,-1.85
2023-05-31,2577.12,-2.25
2023-06-01,2569.17,-1.0
2023-06-02,2601.36,-1.89
2023-06-05,2615.41,-2.07
2023-06-07,2615.6,-2.27
2023-06-08,2610.85,-1.81
2023-06-09,2641.16,-2.14
2023-06-12,2629.35,-1.79
2023-06-13,2637.95,-2.83
2023-06-14,2619.08,-2.7
2023-06-15,2608.54,-2.33
2023-06-16,2625.79,-2.62
2023-06-19,2609.5,-2.79
2023-06-20,2604.91,-2.7
2023-06-21,2582.63,-0.38
2023-06-22,2593.7,0.29
2023-06-23,2570.1,0.18
2023-06-26,2582.2,-0.89
2023-06-27,2581.39,-0.84
2023-06-28,2564.19,-1.92
2023-06-29,2550.02,-1.64
2023-06-30,2564.28,-2.67